games,states,queries,updates,metrics(loss),metrics(policy_accuracy),metrics(policy_loss),metrics(value_loss),queries_per_hour,states_per_hour,games_per_hour,updates_per_hour,tflops_per_hour,param_updates,evaluation_games,wins_as_player_1,wins_as_player_2,collisions,elo,reference_elo,mean_game_length,median_game_length,opening_value,selfplay_wins_for_player_1,selfplay_wins_for_player_2,selfplay_draws,1-ply openings,1-ply openings (sym),3-ply openings,3-ply openings (sym),5-ply openings,5-ply openings (sym),7-ply openings,7-ply openings (sym),1-ply sym ratio,3-ply sym ratio,5-ply sym ratio,7-ply sym ratio,unique_plies,translation_invariant_plies,unique_trajectories,move_31,move_39,move_41,move_49,group_0,group_1,group_2,group_3,group_4,group_5,group_6,group_7,group_8,group_9,group_10,group_11,group_12,group_13,group_14,ring_0,ring_1,ring_2,ring_3,ring_4,opening_ring_0,opening_ring_1,opening_ring_2,opening_ring_3,opening_ring_4,entropy_at_10,entropy_at_20,entropy_at_30
10000,466252,3730016,1000,1.0370819568634033,0.20615200698375702,0.22531312704086304,0.8000714182853699,,,,,,,1000,230,258,0,194.08439204405076,-26.550112872877143,44.8044,45.0,0.19282724,5240.0,4754.0,6.0,81.0,15.0,9684.0,9015.0,10000.0,10000.0,10000.0,10000.0,0.18518518518518517,0.9309169764560099,1.0,1.0,272034.0,243321.0,10000.0,193.0,267.0,112.0,231.0,453.0,886.0,928.0,1126.0,614.0,483.0,914.0,892.0,570.0,359.0,707.0,592.0,644.0,803.0,29.0,4691.4375,6167.458333333333,5778.5,6280.875,7196.0,125.21875,119.125,103.625,180.875,29.0,4.3791117668151855,4.3691582679748535,4.357721328735352
20000,914296,7314368,2000,2.13542103767395,0.1981540024280548,1.4173649549484253,0.6800001859664917,2807.586422976501,350.94830287206264,7832.89817232376,783.289817232376,95.41948567755196,0.027314633,1000,215,260,0,731.9705552582764,151.0557804707738,39.3493,39.0,0.12075928,5074.0,4923.0,3.0,80.0,14.0,6013.0,5722.0,9543.0,9540.0,9973.0,9973.0,0.175,0.9516048561450191,0.9996856334486011,1.0,222476.0,201270.0,10000.0,140.0,207.0,88.0,185.0,180.0,278.0,334.0,522.0,233.0,215.0,653.0,4701.0,388.0,200.0,609.0,547.0,520.0,620.0,0.0,3180.65625,6030.458333333333,5312.375,6627.875,8960.0,48.34375,248.20833333333334,84.75,142.5,0.0,4.0599775314331055,4.188812255859375,4.209101676940918
30000,1307789,10462312,3000,2.5404436588287354,0.2124750018119812,1.8150665760040283,0.6684049367904663,2754.642294603792,344.330286825474,8750.607681088964,875.0607681088966,93.62011043566204,0.01917925,1000,229,162,0,1194.8200474279786,398.3196044838121,34.936,35.0,-0.039402669999999994,4909.0,5090.0,1.0,81.0,15.0,5918.0,5564.0,8694.0,8692.0,9466.0,9466.0,0.18518518518518517,0.9401824940858398,0.9997699562916954,1.0,165875.0,151243.0,9999.0,191.0,276.0,188.0,299.0,256.0,421.0,471.0,900.0,323.0,322.0,877.0,2138.0,556.0,516.0,1012.0,444.0,715.0,954.0,95.0,1950.625,5520.75,5398.25,7303.75,9640.0,74.09375,162.20833333333334,123.25,208.625,95.0,3.9019534587860107,4.042749404907227,4.07188081741333
40000,1657149,13257192,4000,2.6857826709747314,0.23205000162124634,1.9321187734603882,0.6831831336021423,2642.912529550827,330.3640661938534,9456.26477541371,945.6264775413711,89.8228286747234,0.0150003545,1000,244,160,0,1521.0335193656335,543.8097470287656,30.0049,29.0,0.06794679999999999,4973.0,5023.0,4.0,81.0,15.0,2637.0,2485.0,4668.0,4646.0,6392.0,6392.0,0.18518518518518517,0.9423587409935533,0.99528706083976,1.0,80743.0,75064.0,9965.0,227.0,380.0,108.0,463.0,79.0,196.0,158.0,289.0,111.0,79.0,473.0,4981.0,537.0,128.0,677.0,486.0,517.0,1178.0,111.0,691.78125,4821.083333333333,5473.0625,8100.125,9836.0,26.03125,252.91666666666666,80.6875,211.875,111.0,2.8894965648651123,3.1583516597747803,3.337510108947754
50000,1957198,15657584,5000,2.6775641441345215,0.2611590027809143,1.904411792755127,0.6927794218063354,2348.2095652173916,293.52619565217395,9782.608695652174,978.2608695652175,79.80696413918609,0.012833151,1000,274,146,3,1745.7916840553953,704.5525186092806,28.7399,28.0,-0.012883799999999999,4334.0,5661.0,5.0,81.0,15.0,2367.0,2229.0,4737.0,4728.0,6335.0,6335.0,0.18518518518518517,0.9416983523447402,0.9981000633312223,1.0,65754.0,60734.0,9927.0,315.0,427.0,89.0,477.0,44.0,138.0,233.0,389.0,132.0,175.0,444.0,5120.0,501.0,133.0,484.0,348.0,491.0,1308.0,60.0,461.0,4373.333333333333,5586.4375,8555.75,9858.0,29.25,260.0,60.3125,224.875,60.0,2.849306583404541,3.134918451309204,3.3280749320983887
60000,2244597,17956776,6000,2.6556735038757324,0.28576499223709106,1.8613923788070679,0.7066409587860107,2292.1880919412906,286.5235114926613,9969.537524231515,996.9537524231514,77.90300131789665,0.011008454,1000,218,194,1,1713.9788933794548,913.590640833963,29.0336,28.0,-0.06087587999999999,4795.0,5202.0,3.0,81.0,15.0,4028.0,3714.0,6544.0,6534.0,7661.0,7661.0,0.18518518518518517,0.9220456802383317,0.9984718826405868,1.0,81559.0,74932.0,9982.0,277.0,417.0,282.0,429.0,183.0,479.0,399.0,585.0,159.0,261.0,937.0,2227.0,611.0,444.0,925.0,474.0,731.0,1405.0,180.0,647.0625,4297.333333333333,5627.4375,8352.875,9632.0,56.40625,168.16666666666666,115.1875,267.0,180.0,3.350090503692627,3.365543842315674,3.6162567138671875
70000,2534933,20279464,7000,2.6660757064819336,0.29844701290130615,1.8500887155532837,0.7231463193893433,2476.0665679597278,309.50832099496597,10660.349422564406,1066.0349422564407,84.15235110291597,0.010178552,1000,245,170,1,1754.4314947852683,1026.1228907240506,27.5911,26.0,-0.0467579,4369.0,5625.0,6.0,81.0,15.0,3722.0,3387.0,6047.0,6034.0,7058.0,7058.0,0.18518518518518517,0.9099946265448684,0.9978501736398214,1.0,66604.0,61207.0,9958.0,318.0,322.0,220.0,556.0,105.0,268.0,232.0,436.0,272.0,198.0,801.0,2643.0,536.0,364.0,1080.0,700.0,774.0,1416.0,175.0,450.9375,3797.4166666666665,5776.6875,8532.5,9656.0,41.03125,174.08333333333334,134.0,273.75,175.0,2.9811553955078125,2.9382071495056152,3.189281463623047
80000,2810844,22486752,8000,2.6446444988250732,0.3107660114765167,1.812206745147705,0.7358182668685913,2379.825336927224,297.478167115903,10781.671159029649,1078.167115902965,80.88146736771107,0.0097794775,1000,223,194,0,1758.2873859785677,1189.1690488982588,27.525,26.0,-0.0738011,4498.0,5500.0,2.0,81.0,15.0,3585.0,3264.0,5714.0,5704.0,6902.0,6902.0,0.18518518518518517,0.9104602510460251,0.9982499124956248,1.0,63350.0,58158.0,9943.0,350.0,347.0,416.0,790.0,221.0,426.0,468.0,584.0,283.0,164.0,925.0,1163.0,595.0,503.0,1208.0,571.0,826.0,1903.0,160.0,438.8125,3683.1666666666665,5883.875,8622.375,9691.0,61.9375,118.625,142.625,341.125,160.0,2.9023406505584717,3.040137529373169,3.326681137084961
90000,3086094,24688752,9000,2.6303272247314453,0.3227800130844116,1.781395673751831,0.7494191527366638,2358.583754834871,294.82296935435886,10711.097887533473,1071.1097887533472,80.1595445012794,0.009649855,1000,257,173,3,1864.0627607872862,1303.7639387340346,26.7112,25.0,-0.14697766999999998,4757.0,5238.0,5.0,81.0,15.0,2342.0,2097.0,4202.0,4186.0,5526.0,5526.0,0.18518518518518517,0.8953885567890691,0.9961922893860067,1.0,55065.0,50644.0,9766.0,371.0,410.0,513.0,608.0,95.0,314.0,212.0,396.0,229.0,121.0,818.0,2444.0,458.0,338.0,1192.0,375.0,890.0,1902.0,216.0,338.875,3367.8333333333335,5960.5,8817.25,9534.0,38.9375,160.04166666666666,119.0625,349.0,216.0,2.7162740230560303,2.8704912662506104,3.3154823780059814
100000,3353206,26825648,10000,2.60109806060791,0.3367980122566223,1.7410067319869995,0.7584035396575928,2310.1578378378376,288.7697297297297,10810.81081081081,1081.081081081081,78.51372656473946,0.009491381,1000,257,191,7,1953.1061803813202,1395.3955362390268,26.3879,25.0,-0.07436146,4981.0,5017.0,2.0,81.0,15.0,1944.0,1783.0,3575.0,3563.0,4817.0,4816.0,0.18518518518518517,0.9171810699588477,0.9966433566433567,0.9997924019099025,56032.0,51051.0,9531.0,234.0,366.0,455.0,849.0,70.0,173.0,222.0,331.0,55.0,75.0,590.0,3843.0,374.0,339.0,758.0,341.0,754.0,1904.0,171.0,368.125,3150.5833333333335,6033.3125,8851.375,9141.0,26.59375,203.41666666666666,89.875,332.25,171.0,2.4607298374176025,2.548647880554199,2.841543436050415
110000,3617085,28936680,11000,2.574645757675171,0.3524399995803833,1.704818606376648,0.7665215134620667,2265.190819672131,283.1488524590164,10730.253353204173,1073.0253353204173,76.98546381538623,0.009433703,1000,256,184,1,1877.0746456123074,1436.3827009775096,27.5885,26.0,-0.07299347,5731.0,4263.0,6.0,81.0,15.0,2846.0,2627.0,4812.0,4804.0,5990.0,5990.0,0.18518518518518517,0.9230498945888967,0.99833748960931,1.0,65049.0,59181.0,9856.0,316.0,320.0,478.0,708.0,95.0,258.0,241.0,298.0,91.0,239.0,819.0,2959.0,446.0,377.0,937.0,381.0,817.0,1822.0,220.0,452.84375,3441.2083333333335,6178.1875,8807.875,9491.0,30.71875,185.95833333333334,105.9375,329.875,220.0,2.682420253753662,2.7661213874816895,3.114736318588257
120000,3892970,31143760,12000,2.5630617141723633,0.35957300662994385,1.6849486827850342,0.7739554047584534,2356.313167259787,294.53914590747337,10676.156583629894,1067.6156583629893,80.08237562169396,0.009146139,1000,259,207,3,2054.277969293019,1584.0311795575885,26.8672,25.0,-0.038350669999999996,5318.0,4676.0,6.0,81.0,15.0,2423.0,2208.0,4100.0,4086.0,5280.0,5279.0,0.18518518518518517,0.9112670243499794,0.9965853658536585,0.999810606060606,59753.0,54312.0,9642.0,371.0,457.0,487.0,863.0,63.0,187.0,184.0,342.0,97.0,175.0,856.0,2380.0,569.0,401.0,963.0,454.0,937.0,2178.0,214.0,415.6875,3109.8333333333335,6260.375,8913.875,9257.0,27.28125,165.83333333333334,113.625,389.375,214.0,2.259315252304077,2.544832944869995,2.8953280448913574
130000,4161642,33293136,13000,2.5491738319396973,0.36656200885772705,1.6650985479354858,0.7794739007949829,2294.027156833679,286.75339460420986,10672.991402312482,1067.2991402312482,77.96550433640509,0.00934244,1000,287,163,5,2021.561830150497,1545.91099419832,26.7257,25.0,-0.038071730000000005,5387.0,4607.0,6.0,81.0,15.0,1557.0,1405.0,3110.0,3095.0,4253.0,4252.0,0.18518518518518517,0.9023763648041104,0.9951768488745981,0.999764871855161,56533.0,51456.0,9660.0,342.0,484.0,838.0,1162.0,198.0,400.0,259.0,504.0,221.0,134.0,749.0,1483.0,332.0,355.0,936.0,426.0,1007.0,2826.0,170.0,442.0,2922.1666666666665,6338.375,9021.25,9397.0,49.4375,112.41666666666667,107.3125,479.125,170.0,2.133692741394043,2.4837419986724854,2.8918614387512207
140000,4428899,35431192,14000,2.531337022781372,0.3755500018596649,1.6417841911315918,0.7847055792808533,2248.612795793164,281.0765994741455,10517.090271691499,1051.70902716915,76.42203805611639,0.009130747,1000,297,177,5,2095.312202939318,1633.4297951173457,25.2959,23.0,-0.05757408000000001,5938.0,4057.0,5.0,81.0,15.0,1704.0,1558.0,3172.0,3154.0,4290.0,4290.0,0.18518518518518517,0.9143192488262911,0.9943253467843631,1.0,56919.0,51568.0,9434.0,362.0,442.0,808.0,1040.0,109.0,227.0,175.0,206.0,97.0,91.0,615.0,2814.0,349.0,264.0,915.0,446.0,879.0,2652.0,161.0,368.65625,2874.5833333333335,5817.1875,8713.625,9388.0,25.4375,161.20833333333334,101.5625,441.375,161.0,2.306431293487549,2.7179088592529297,3.165149211883545
150000,4681858,37454864,15000,2.5119588375091553,0.3857690095901489,1.6191378831863403,0.7880066633224487,2304.71977222398,288.0899715279975,11388.801012337868,1138.8801012337867,78.32890681361494,0.009007035,1000,250,217,7,2046.2163845396344,1720.4336593775386,25.7283,24.0,0.0032367200000000002,5270.0,4727.0,3.0,81.0,15.0,2053.0,1806.0,3705.0,3662.0,5018.0,5011.0,0.18518518518518517,0.8796882610813443,0.9883940620782726,0.9986050219210841,59299.0,53448.0,9442.0,563.0,558.0,663.0,1749.0,113.0,218.0,131.0,224.0,103.0,62.0,483.0,2071.0,377.0,252.0,946.0,321.0,960.0,3533.0,206.0,425.75,2747.7083333333335,6106.875,8820.625,9439.0,24.65625,124.70833333333333,94.9375,561.625,206.0,2.02233624458313,2.4019405841827393,2.8539412021636963
160000,4939141,39513128,16000,2.500032663345337,0.39096599817276,1.6036059856414795,0.7919207215309143,2203.9709696609166,275.4963712076146,10707.911957168353,1070.7911957168353,74.90482738207068,0.009163524,1000,275,210,6,2138.8171878045177,1742.5813136289767,26.1095,24.0,-0.031855970000000004,5997.0,3995.0,8.0,81.0,15.0,1688.0,1522.0,2986.0,2962.0,4151.0,4144.0,0.18518518518518517,0.9016587677725119,0.9919624916275954,0.9983136593591906,56132.0,50569.0,9114.0,636.0,302.0,669.0,1422.0,71.0,131.0,120.0,157.0,57.0,60.0,322.0,3508.0,153.0,212.0,907.0,262.0,918.0,3029.0,93.0,407.5,2884.4166666666665,6217.1875,8788.125,9049.0,16.75,168.45833333333334,86.3125,493.375,93.0,1.8305290937423706,2.251934289932251,2.6935365200042725
170000,5200236,41601888,17000,2.479321002960205,0.3990139961242676,1.5806936025619507,0.7945786118507385,2173.2763005780344,271.6595375722543,10404.624277456647,1040.4624277456646,73.86162902744046,0.008797406,1000,269,209,2,2153.028592437615,1819.9301764647203,25.2128,23.0,0.00214088,5504.0,4490.0,6.0,80.0,15.0,1645.0,1453.0,3082.0,3059.0,4102.0,4095.0,0.1875,0.8832826747720365,0.9925373134328358,0.9982935153583617,55787.0,50120.0,8948.0,593.0,301.0,611.0,1357.0,45.0,139.0,80.0,117.0,57.0,69.0,487.0,3633.0,339.0,194.0,628.0,314.0,865.0,2862.0,171.0,396.6875,2756.375,5856.3125,8820.5,9016.0,13.6875,188.66666666666666,71.0,465.875,171.0,1.9248712062835693,2.4220361709594727,2.8418760299682617
180000,5452364,43618912,18000,2.4643068313598633,0.40570101141929626,1.5640435218811035,0.7968376874923706,2150.218063369855,268.77725792123186,10660.349422564406,1066.0349422564407,73.07796476797915,0.008827969,1000,278,230,4,2081.3669536821612,1705.5111705149682,25.7601,24.0,0.0724779,6090.0,3905.0,5.0,81.0,15.0,1975.0,1767.0,3342.0,3311.0,4479.0,4472.0,0.18518518518518517,0.8946835443037975,0.990724117295033,0.9984371511498102,59835.0,53838.0,9390.0,595.0,310.0,677.0,1543.0,29.0,102.0,61.0,120.0,43.0,51.0,338.0,3647.0,202.0,142.0,758.0,249.0,985.0,3125.0,148.0,452.65625,2815.0833333333335,6109.0625,8603.75,8979.0,11.09375,176.58333333333334,71.8125,513.75,148.0,1.62807035446167,2.1036436557769775,2.5966780185699463
190000,5709965,45679720,19000,2.4550983905792236,0.4090979993343353,1.5541430711746216,0.7982834577560425,2158.5419842886236,269.81774803607794,10474.25080011638,1047.425080011638,73.36086407479638,0.008811744,1000,294,212,9,2193.6069618312504,1738.3028706891223,26.969,25.0,0.07201021999999999,6079.0,3912.0,9.0,79.0,15.0,1425.0,1230.0,2693.0,2644.0,3747.0,3733.0,0.189873417721519,0.8631578947368421,0.9818046787968808,0.9962636776087537,60990.0,54993.0,9279.0,567.0,588.0,859.0,2247.0,26.0,76.0,27.0,98.0,32.0,34.0,231.0,3076.0,107.0,98.0,793.0,152.0,863.0,4261.0,126.0,639.21875,2735.1666666666665,6498.625,8819.0,9061.0,8.09375,143.66666666666666,65.1875,640.5,126.0,1.4666838645935059,2.038123369216919,2.585620880126953
200000,5979655,47837240,20000,2.442497491836548,0.4133079946041107,1.5419992208480835,0.7985862493515015,2109.4709397066813,263.68386746333516,9777.29494839761,977.729494839761,71.69312063603694,0.00890416,1000,290,218,8,2236.454559997488,1844.2741846694748,27.3628,25.0,0.07253023,6046.0,3946.0,8.0,81.0,15.0,1473.0,1295.0,2448.0,2409.0,3309.0,3299.0,0.18518518518518517,0.8791581805838425,0.9840686274509803,0.9969779389543669,60390.0,54399.0,9259.0,593.0,374.0,643.0,2055.0,40.0,74.0,88.0,124.0,49.0,53.0,238.0,3310.0,176.0,129.0,912.0,198.0,799.0,3665.0,145.0,601.59375,2774.0,6663.9375,8983.875,9307.0,11.71875,157.375,77.4375,558.0,145.0,1.4678632020950317,1.991542935371399,2.477715492248535
210000,6253283,50026264,21000,2.4311819076538086,0.4178690016269684,1.5272892713546753,0.8027645349502563,2032.624812999742,254.07810162496776,9285.530049006964,928.5530049006964,69.08140481255239,0.008717753,1000,276,232,14,2259.8826203729213,1967.0385084696713,26.8969,25.0,-0.0187457,6573.0,3421.0,6.0,81.0,15.0,1265.0,1071.0,2145.0,2073.0,2883.0,2860.0,0.18518518518518517,0.8466403162055336,0.9664335664335665,0.9920221990981616,59474.0,53680.0,8873.0,659.0,372.0,597.0,1807.0,37.0,92.0,82.0,106.0,75.0,66.0,332.0,3151.0,101.0,138.0,1040.0,266.0,878.0,3435.0,201.0,591.0,2616.6666666666665,6609.5,9018.75,9355.0,12.25,152.08333333333334,90.25,539.125,201.0,1.352947473526001,1.9664504528045654,2.5997555255889893
220000,6522252,52178016,22000,2.4153478145599365,0.42286399006843567,1.5135633945465088,0.8015357851982117,2056.359755773826,257.0449694717282,9556.676400318556,955.6676400318556,69.88806779309499,0.008700994,1000,280,237,27,2260.3265308228038,1876.639352366367,26.9548,25.0,0.13229612,5863.0,4130.0,7.0,81.0,15.0,1336.0,1113.0,2345.0,2265.0,3079.0,3060.0,0.18518518518518517,0.8330838323353293,0.9658848614072495,0.9938291653134135,61021.0,55200.0,8894.0,622.0,429.0,859.0,2629.0,33.0,55.0,45.0,73.0,39.0,37.0,252.0,2432.0,137.0,106.0,783.0,253.0,1050.0,4539.0,166.0,555.46875,2769.9583333333335,6472.5,9061.75,9240.0,7.65625,119.08333333333333,71.375,698.625,166.0,1.3549762964248657,1.8591653108596802,2.4752306938171387
230000,6791800,54334400,23000,2.405728816986084,0.42735400795936584,1.5022624731063843,0.804010808467865,2054.242498015348,256.7803122519185,9526.329716856311,952.6329716856311,69.816110027269,0.008605821,1000,280,222,20,2282.854377021901,1895.0412253252778,27.6294,25.0,0.08796101,5870.0,4122.0,8.0,79.0,15.0,1286.0,1061.0,2055.0,2006.0,2801.0,2787.0,0.189873417721519,0.8250388802488335,0.9761557177615572,0.9950017850767583,61567.0,55722.0,9215.0,505.0,558.0,759.0,2518.0,19.0,39.0,24.0,90.0,44.0,22.0,203.0,2099.0,325.0,129.0,1095.0,289.0,1066.0,4340.0,216.0,654.28125,2862.1666666666665,6530.6875,9133.75,9104.0,6.75,110.375,94.5625,675.75,216.0,1.2923792600631714,1.8477097749710083,2.412443161010742
240000,7068094,56544752,24000,2.3914010524749756,0.4309079945087433,1.4877426624298096,0.8048787713050842,1935.133073929961,241.89163424124513,8754.863813229571,875.4863813229572,65.76802093103814,0.008575122,1000,276,210,1,2163.179162196608,1967.8243718708138,25.0823,23.0,0.04065426,6485.0,3507.0,8.0,81.0,15.0,1246.0,1058.0,2279.0,2225.0,3021.0,3007.0,0.18518518518518517,0.8491171749598716,0.976305397103993,0.9953657729228732,60079.0,53889.0,8687.0,621.0,431.0,861.0,2450.0,17.0,47.0,56.0,82.0,41.0,30.0,213.0,2497.0,155.0,185.0,941.0,234.0,939.0,4363.0,200.0,486.46875,2524.4583333333335,5997.375,8692.25,9173.0,7.59375,120.625,85.0,662.75,200.0,1.8551456928253174,2.4326260089874268,2.989926815032959
250000,7318917,58551336,25000,2.379913330078125,0.43454501032829285,1.4761722087860107,0.8057345747947693,2071.609521078291,258.9511901347864,10324.060797246917,1032.4060797246918,70.4063509526612,0.008346796,1000,303,234,7,2355.5424243908246,2051.744016243788,28.1943,25.0,0.04586927,6231.0,3753.0,16.0,79.0,15.0,1626.0,1395.0,2761.0,2681.0,3495.0,3465.0,0.189873417721519,0.8579335793357934,0.9710249909453097,0.9914163090128756,74635.0,67143.0,9105.0,590.0,404.0,835.0,2008.0,49.0,77.0,92.0,128.0,68.0,36.0,242.0,2678.0,119.0,203.0,922.0,254.0,1022.0,3837.0,273.0,826.25,3039.5833333333335,6428.375,8809.5,9223.0,12.9375,128.125,86.1875,607.375,273.0,1.61651611328125,2.2527029514312744,2.827453851699829
260000,7600860,60806880,26000,2.368551254272461,0.43858999013900757,1.4661966562271118,0.8051764965057373,2137.956398104265,267.24454976303315,9478.672985781992,947.8672985781991,72.66123608471659,0.008551297,1000,303,198,1,2213.988279824187,2024.42515427112,27.9455,25.0,0.021808750000000002,6131.0,3855.0,14.0,80.0,15.0,1156.0,1002.0,2059.0,2002.0,2821.0,2807.0,0.1875,0.8667820069204152,0.9723166585721223,0.9950372208436724,67431.0,60882.0,8940.0,608.0,465.0,862.0,1804.0,21.0,95.0,92.0,167.0,49.0,36.0,258.0,2677.0,128.0,168.0,1099.0,274.0,1024.0,3739.0,173.0,753.15625,3012.0833333333335,6410.625,8985.625,8609.0,13.25,129.125,96.3125,595.375,173.0,1.6734150648117065,2.1812496185302734,2.725128412246704
270000,7880315,63042520,27000,2.355367422103882,0.4429279863834381,1.452636957168579,0.8064141869544983,2160.6185234899326,270.0773154362416,9664.429530201342,966.4429530201342,73.43143796736,0.008517649,1000,287,234,19,2360.59275875994,2026.19176005191,27.2556,25.0,0.13465938000000002,6647.0,3348.0,5.0,79.0,15.0,1547.0,1269.0,2608.0,2516.0,3401.0,3371.0,0.189873417721519,0.8202973497091144,0.9647239263803681,0.9911790649808879,65028.0,58154.0,9111.0,871.0,543.0,682.0,2378.0,37.0,69.0,52.0,144.0,51.0,33.0,248.0,2091.0,160.0,139.0,932.0,255.0,1062.0,4474.0,253.0,703.3125,3025.75,6129.6875,8817.375,8818.0,11.03125,105.5,82.875,692.0,253.0,1.3371235132217407,1.9027255773544312,2.5421130657196045
280000,8152871,65222968,28000,2.342005491256714,0.4453659951686859,1.440406322479248,0.8060871362686157,2058.6448465774984,257.3306058221873,9441.38473642801,944.138473642801,69.96572958381621,0.008427498,1000,295,197,2,2203.4036876937166,2104.1516337712887,26.3937,24.0,0.12602971999999998,6791.0,3203.0,6.0,79.0,15.0,1800.0,1511.0,3597.0,3539.0,4695.0,4684.0,0.189873417721519,0.8394444444444444,0.9838754517653601,0.9976570820021299,67986.0,60458.0,9482.0,727.0,456.0,649.0,2446.0,63.0,121.0,106.0,136.0,50.0,33.0,187.0,2002.0,194.0,144.0,991.0,242.0,1333.0,4278.0,120.0,581.125,2994.4166666666665,6019.5625,8586.125,8473.0,14.875,100.66666666666667,86.0625,701.375,120.0,1.7159932851791382,2.095351219177246,2.61484432220459
290000,8416808,67334464,29000,2.327608585357666,0.44785699248313904,1.430116891860962,0.802831768989563,2239.653977607543,279.95674720094286,10606.95344725987,1060.695344725987,76.11756093777915,0.008351097,1000,299,237,28,2298.094628316057,2031.3603947777765,29.0543,27.0,0.14006777,6928.0,3045.0,27.0,80.0,15.0,1234.0,1033.0,2018.0,1949.0,2686.0,2664.0,0.1875,0.8371150729335495,0.9658077304261645,0.9918093819806404,66381.0,59780.0,9089.0,612.0,514.0,657.0,3048.0,29.0,82.0,54.0,75.0,37.0,20.0,143.0,2082.0,53.0,119.0,946.0,250.0,1108.0,4831.0,171.0,763.6875,3149.25,6801.625,9065.5,9173.0,8.65625,95.75,82.1875,742.375,171.0,1.3930392265319824,2.0534536838531494,2.647372007369995
300000,8707351,69658808,30000,2.314812660217285,0.4510979950428009,1.4175173044204712,0.8034939765930176,2064.0449925999014,258.0056240749877,8880.118401578688,888.0118401578688,70.14926058817801,0.0084129935,1000,306,200,7,2230.453225044034,2041.4020432364132,28.882,26.0,0.08288669,6258.0,3732.0,10.0,81.0,15.0,1229.0,1038.0,2094.0,2046.0,2922.0,2908.0,0.18518518518518517,0.8445890968266884,0.9770773638968482,0.9952087611225188,73094.0,65928.0,9243.0,652.0,437.0,683.0,3200.0,24.0,52.0,60.0,142.0,42.0,40.0,175.0,1923.0,87.0,121.0,913.0,184.0,1109.0,4972.0,156.0,823.3125,3234.25,6534.1875,8948.5,8717.0,10.0,92.70833333333333,76.125,760.125,156.0,1.6494263410568237,2.2155463695526123,2.8435885906219482
310000,8996171,71969368,31000,2.308077096939087,0.45167800784111023,1.411272406578064,0.8039533495903015,2162.7706708268333,270.34633385335417,9360.374414976599,936.0374414976599,73.5045815010047,0.008353306,1000,286,259,33,2390.282182385295,2093.6778640005514,28.5633,27.0,0.07465291,6750.0,3243.0,7.0,80.0,15.0,1125.0,943.0,1833.0,1759.0,2405.0,2381.0,0.1875,0.8382222222222222,0.9596290234588107,0.99002079002079,63473.0,57019.0,8794.0,653.0,478.0,968.0,2425.0,54.0,122.0,77.0,105.0,45.0,38.0,201.0,1699.0,40.0,167.0,1291.0,284.0,1180.0,4524.0,173.0,717.3125,3248.75,6579.8125,8786.75,9138.0,12.59375,82.41666666666667,108.875,713.0,173.0,1.3232669830322266,1.8347970247268677,2.5141947269439697
320000,9281804,74254432,32000,2.298403739929199,0.45320698618888855,1.4032448530197144,0.803178071975708,2003.465757428154,250.43321967851924,8767.657087189478,876.7657087189478,68.0903962855435,0.008282115,1000,303,225,14,2400.8468127930328,2283.6499974303933,28.3248,25.0,0.08774246000000001,6635.0,3356.0,9.0,79.0,15.0,1163.0,975.0,2020.0,1945.0,2731.0,2703.0,0.189873417721519,0.8383490971625107,0.9628712871287128,0.9897473452947638,66472.0,59409.0,9013.0,687.0,461.0,690.0,2902.0,31.0,88.0,33.0,84.0,55.0,49.0,150.0,2341.0,77.0,117.0,856.0,194.0,990.0,4740.0,195.0,760.34375,3097.3333333333335,6459.625,8999.25,9233.0,9.09375,109.04166666666667,72.9375,716.25,195.0,1.3398377895355225,1.808538794517517,2.5026659965515137
330000,9565052,76520416,33000,2.2823119163513184,0.4568769931793213,1.3885414600372314,0.8026052117347717,2000.3782246199114,250.04727807748893,8827.856792545364,882.7856792545365,67.9854624569126,0.008291758,1000,328,208,22,2433.966965051596,2111.625984106418,27.8863,25.0,0.13144565,6727.0,3259.0,14.0,79.0,15.0,1306.0,1028.0,2138.0,2030.0,2813.0,2765.0,0.189873417721519,0.7871362940275651,0.9494855004677268,0.9829363668681124,66813.0,59863.0,8860.0,656.0,661.0,878.0,2794.0,48.0,112.0,84.0,120.0,61.0,44.0,161.0,1405.0,49.0,135.0,1101.0,236.0,1246.0,4989.0,209.0,815.1875,3005.9166666666665,6239.375,8984.5,8929.0,13.28125,69.125,92.0,779.375,209.0,1.2808185815811157,1.8474626541137695,2.5335280895233154
340000,9843915,78751320,34000,2.272465944290161,0.4582419991493225,1.3798271417617798,0.802152693271637,1987.4423162583519,248.43028953229398,8908.685968819598,890.8685968819599,67.54581874282049,0.008377116,1000,316,209,34,2443.8760789007038,2085.259612340389,30.0547,27.0,0.15912172,6372.0,3603.0,25.0,81.0,15.0,1338.0,1078.0,2251.0,2114.0,2892.0,2836.0,0.18518518518518517,0.8056801195814649,0.9391381608174145,0.9806362378976486,75529.0,67827.0,9039.0,553.0,516.0,861.0,2785.0,48.0,109.0,93.0,111.0,63.0,56.0,139.0,1632.0,44.0,148.0,1046.0,290.0,1304.0,4715.0,202.0,957.21875,3367.7083333333335,6785.4375,8906.125,9275.0,13.25,77.95833333333333,92.75,752.375,202.0,1.24814772605896,1.8383902311325073,2.429918050765991
350000,10144462,81155696,35000,2.2683815956115723,0.45913100242614746,1.3772144317626953,0.801296591758728,2028.0584817244612,253.50731021555765,8434.864104967199,843.4864104967198,68.926212089666,0.008247881,1000,322,206,25,2515.6488652624153,2175.860640745051,30.2719,27.0,0.17486331,6517.0,3461.0,22.0,78.0,15.0,987.0,783.0,1607.0,1510.0,2183.0,2145.0,0.19230769230769232,0.7933130699088146,0.939639079029247,0.9825927622537792,72609.0,65458.0,8595.0,608.0,495.0,1095.0,3594.0,15.0,47.0,46.0,48.0,17.0,22.0,104.0,1228.0,57.0,81.0,917.0,189.0,1263.0,5792.0,174.0,956.71875,3440.625,6717.1875,9086.875,9359.0,5.40625,58.791666666666664,74.1875,881.875,174.0,1.3277928829193115,1.9056323766708374,2.4939699172973633
360000,10447181,83577448,36000,2.2600252628326416,0.4607290029525757,1.3688774108886719,0.8018035292625427,2013.9309771309772,251.74137214137215,8316.008316008316,831.6008316008317,68.44607042379045,0.008196029,1000,296,205,4,2316.453353050969,2119.195421746456,28.9762,26.0,0.12242961000000001,6820.0,3160.0,20.0,80.0,15.0,1620.0,1321.0,2705.0,2602.0,3433.0,3397.0,0.1875,0.8154320987654321,0.9619223659889095,0.9895135450043694,72830.0,65008.0,9029.0,672.0,492.0,997.0,2557.0,36.0,75.0,87.0,124.0,41.0,36.0,130.0,1668.0,64.0,143.0,1150.0,343.0,1218.0,4718.0,167.0,811.53125,3289.5,6553.75,8842.375,9246.0,11.34375,79.08333333333333,102.25,742.0,167.0,1.4056562185287476,2.064467191696167,2.6880300045013428
370000,10736943,85895544,37000,2.249480724334717,0.46188101172447205,1.3607038259506226,0.8000211715698242,2134.308337595908,266.7885421994885,9207.161125319693,920.7161125319694,72.53725199126916,0.008268448,1000,333,202,22,2463.2141678662997,2157.9835599721323,29.6407,27.0,0.15417531,6474.0,3511.0,15.0,80.0,15.0,1176.0,951.0,2134.0,2032.0,2859.0,2823.0,0.1875,0.8086734693877551,0.9522024367385192,0.9874081846799581,71399.0,63543.0,9036.0,691.0,508.0,932.0,3231.0,38.0,83.0,65.0,87.0,41.0,21.0,106.0,1412.0,57.0,112.0,905.0,247.0,1293.0,5362.0,171.0,874.53125,3413.25,6526.625,9089.5,9362.0,9.8125,66.5,79.0,831.875,171.0,1.2183794975280762,1.6960738897323608,2.3569607734680176
380000,11033350,88266800,38000,2.2441532611846924,0.46350499987602234,1.3560006618499756,0.8000300526618958,1990.3291210072277,248.79114012590347,8393.564933550944,839.3564933550945,67.64393056660444,0.008138463,1000,319,222,18,2548.216640789705,2121.458660952185,29.4753,27.0,0.25001033,6574.0,3403.0,23.0,77.0,15.0,897.0,691.0,1579.0,1467.0,2191.0,2146.0,0.19480519480519481,0.770345596432553,0.9290690310322989,0.9794614331355546,71541.0,64188.0,8577.0,763.0,539.0,845.0,3831.0,35.0,49.0,30.0,41.0,25.0,14.0,71.0,1207.0,45.0,87.0,667.0,158.0,1426.0,5978.0,167.0,898.09375,3313.125,6519.625,9114.0,9273.0,5.625,55.708333333333336,57.0,925.5,167.0,1.1999880075454712,1.7538528442382812,2.4619905948638916
390000,11328103,90624824,39000,2.2375261783599854,0.46414199471473694,1.3500819206237793,0.7997729182243347,1991.7612388549976,248.9701548568747,8446.738620366024,844.6738620366025,67.69260295914256,0.0082486365,1000,319,201,6,2432.163467670238,2089.7785946933277,26.8777,24.0,0.14560588,7182.0,2801.0,17.0,78.0,15.0,1482.0,1243.0,2372.0,2283.0,3151.0,3120.0,0.19230769230769232,0.8387314439946019,0.9624789207419899,0.9901618533798794,64433.0,57224.0,8738.0,668.0,518.0,799.0,3259.0,23.0,61.0,42.0,73.0,20.0,35.0,148.0,1427.0,96.0,100.0,1014.0,267.0,1302.0,5244.0,148.0,600.25,3055.7083333333335,6108.125,8705.625,8857.0,6.84375,71.08333333333333,86.3125,818.25,148.0,1.4267421960830688,1.9857501983642578,2.7087624073028564
400000,11596880,92775040,40000,2.2258894443511963,0.46562299132347107,1.3414826393127441,0.7972229719161987,2093.7997295104137,261.7249661888017,9737.625101433596,973.7625101433595,71.1605141222587,0.008010257,1000,314,210,8,2512.034882907557,2252.60644239757,28.9048,26.0,0.15037018,6915.0,3066.0,19.0,77.0,15.0,1182.0,949.0,2057.0,1969.0,2861.0,2818.0,0.19480519480519481,0.8028764805414551,0.9572192513368984,0.9849702901083537,68075.0,60799.0,8821.0,688.0,363.0,1053.0,3513.0,37.0,45.0,43.0,54.0,33.0,41.0,130.0,1244.0,61.0,98.0,897.0,299.0,1238.0,5617.0,163.0,894.03125,3262.7083333333335,6295.0625,9026.75,9199.0,6.625,61.5,80.875,856.875,163.0,1.3081517219543457,1.7984020709991455,2.4399147033691406
410000,11885928,95087424,41000,2.2176692485809326,0.4682199954986572,1.3338173627853394,0.7973343133926392,1967.0563327032137,245.8820415879017,8506.616257088848,850.6616257088848,66.85297450837656,0.008036203,1000,323,220,34,2538.785620509866,2292.7144687061073,30.8456,28.0,0.18368753,6921.0,3062.0,17.0,78.0,15.0,1067.0,840.0,1801.0,1713.0,2391.0,2358.0,0.19230769230769232,0.7872539831302718,0.9511382565241533,0.986198243412798,69717.0,62396.0,9175.0,669.0,391.0,745.0,3933.0,24.0,62.0,31.0,77.0,36.0,19.0,67.0,1412.0,52.0,98.0,782.0,264.0,1209.0,5738.0,129.0,999.96875,3425.7916666666665,7004.5625,9148.25,8979.0,7.1875,64.58333333333333,71.5,868.375,129.0,1.1785218715667725,1.6995395421981812,2.312309503555298
420000,12194384,97555072,42000,2.2089240550994873,0.4697369933128357,1.3280378580093384,0.7948158383369446,1934.9886299281204,241.87357874101505,7841.428882596385,784.1428882596384,65.7631118132806,0.008231799,1000,313,220,4,2472.176171719132,2300.4371126402602,29.8383,27.0,0.15082502,6871.0,3115.0,14.0,81.0,15.0,1164.0,912.0,1897.0,1806.0,2544.0,2509.0,0.18518518518518517,0.7835051546391752,0.9520295202952029,0.9862421383647799,71698.0,64096.0,9146.0,715.0,558.0,776.0,3486.0,20.0,73.0,29.0,61.0,29.0,41.0,133.0,1447.0,96.0,100.0,910.0,248.0,1119.0,5535.0,159.0,891.4375,3467.5833333333335,6601.0,8985.5,9135.0,6.625,71.54166666666667,78.625,831.75,159.0,1.3688315153121948,1.880192756652832,2.6281323432922363
430000,12492767,99942136,43000,2.197972297668457,0.47252801060676575,1.318161129951477,0.7942226529121399,2020.5573477545265,252.56966846931581,8464.61321420174,846.461321420174,68.67127627021905,0.008203063,1000,318,210,7,2396.2190731174865,2279.904869980864,27.7698,24.0,0.18997591,6656.0,3334.0,10.0,80.0,15.0,1446.0,1167.0,2327.0,2228.0,3052.0,3018.0,0.1875,0.8070539419087137,0.9574559518693597,0.9888597640891219,68143.0,60737.0,8165.0,818.0,466.0,819.0,3162.0,32.0,85.0,49.0,58.0,28.0,49.0,127.0,1558.0,37.0,110.0,901.0,149.0,1385.0,5265.0,167.0,766.5625,3063.7916666666665,6326.4375,8681.5,8962.0,7.875,73.79166666666667,72.5,831.25,167.0,1.3817001581192017,1.9226983785629272,2.583894729614258
440000,12770465,102163720,44000,2.191511631011963,0.4740850031375885,1.312976598739624,0.7934108376502991,2040.7508037764735,255.0938504720592,9186.016841030874,918.6016841030875,69.35757720539158,0.008143403,1000,312,226,22,2569.4208354669745,2266.794516875898,29.1483,26.0,0.24491095999999998,6938.0,3047.0,15.0,79.0,15.0,1099.0,852.0,1822.0,1729.0,2478.0,2448.0,0.189873417721519,0.7752502274795269,0.9489571899012075,0.9878934624697336,68984.0,61752.0,8570.0,664.0,419.0,755.0,4015.0,27.0,55.0,57.0,66.0,25.0,20.0,89.0,979.0,42.0,85.0,936.0,193.0,1385.0,5853.0,188.0,918.40625,3237.4166666666665,6430.25,9020.5,9348.0,7.1875,47.083333333333336,75.875,904.75,188.0,1.2851983308792114,1.7977920770645142,2.497178316116333
450000,13061948,104495584,45000,2.1833033561706543,0.47577598690986633,1.3060595989227295,0.7925035953521729,1936.942870327642,242.11785879095524,8306.414397784956,830.6414397784957,65.82952922158782,0.00816488,1000,314,222,14,2466.818869213025,2200.7098624078253,29.8191,27.0,0.20798388,6707.0,3279.0,14.0,78.0,15.0,927.0,701.0,1595.0,1484.0,2164.0,2117.0,0.19230769230769232,0.756202804746494,0.9304075235109718,0.9782809611829945,68791.0,61562.0,8556.0,958.0,598.0,686.0,3756.0,22.0,44.0,27.0,31.0,24.0,35.0,110.0,965.0,63.0,71.0,840.0,210.0,1373.0,5998.0,187.0,830.1875,3344.125,6829.4375,9145.0,8935.0,4.625,48.875,70.0625,921.375,187.0,1.2398613691329956,1.692983627319336,2.4550068378448486
460000,13360139,106881112,46000,2.175164222717285,0.4777129888534546,1.3001762628555298,0.7906103134155273,1939.4536585365852,242.43170731707315,8130.081300813008,813.0081300813008,65.91486163293658,0.008025043,1000,324,206,26,2614.6575554924148,2332.0544446000076,29.7222,27.0,0.22484634999999997,7020.0,2960.0,20.0,80.0,15.0,1015.0,788.0,1687.0,1585.0,2254.0,2214.0,0.1875,0.7763546798029557,0.939537640782454,0.9822537710736469,68478.0,61234.0,8567.0,671.0,967.0,1005.0,3364.0,42.0,90.0,82.0,83.0,39.0,32.0,190.0,759.0,73.0,121.0,794.0,189.0,1379.0,6007.0,120.0,885.21875,3280.5416666666665,6796.3125,9049.125,9028.0,10.5,43.916666666666664,69.0,923.25,120.0,1.212977647781372,1.7347595691680908,2.542670249938965
470000,13657361,109258888,47000,2.170316696166992,0.47912201285362244,1.296077013015747,0.7901373505592346,1879.2521624588367,234.90652030735458,7903.4028540065865,790.3402854006587,63.86883528598341,0.00797323,1000,307,217,7,2423.267820069666,2337.1428057025996,27.5664,25.0,0.15247523000000002,7315.0,2668.0,17.0,80.0,15.0,1109.0,844.0,1853.0,1749.0,2520.0,2480.0,0.1875,0.7610459873760145,0.9438747976254722,0.9841269841269841,66394.0,59072.0,8285.0,725.0,633.0,801.0,3319.0,56.0,88.0,89.0,113.0,68.0,66.0,149.0,855.0,79.0,148.0,901.0,258.0,1448.0,5478.0,204.0,745.65625,3045.7916666666665,6169.375,8971.625,8221.0,12.9375,47.875,81.6875,865.75,204.0,1.367618203163147,1.8247618675231934,2.6687262058258057
480000,13933025,111464200,48000,2.1602282524108887,0.4817259907722473,1.289025902748108,0.7873402237892151,2030.4662915601025,253.8082864450128,9207.161125319693,920.7161125319694,69.00804464671428,0.00806972,1000,335,219,29,2721.435966346243,2308.450805223754,30.182,27.0,0.28952376,6806.0,3166.0,28.0,76.0,15.0,873.0,645.0,1435.0,1330.0,2039.0,2003.0,0.19736842105263158,0.738831615120275,0.926829268292683,0.9823442864149092,72429.0,64893.0,8660.0,856.0,1066.0,951.0,3205.0,19.0,31.0,18.0,43.0,27.0,11.0,81.0,756.0,72.0,96.0,678.0,166.0,1727.0,6078.0,197.0,918.1875,3453.5,6789.5,9006.125,8873.0,4.3125,38.333333333333336,58.75,975.625,197.0,1.1280816793441772,1.604882836341858,2.4663796424865723
490000,14234845,113878760,49000,2.1497304439544678,0.48423299193382263,1.2793352603912354,0.7868747115135193,1913.785997357992,239.223249669749,7926.023778071334,792.6023778071334,65.04251269715192,0.008068237,1000,326,202,29,2646.4298997574133,2299.2586287378613,31.1048,29.0,0.21728702,6404.0,3570.0,26.0,78.0,15.0,941.0,724.0,1492.0,1401.0,1979.0,1937.0,0.19230769230769232,0.769394261424017,0.9390080428954424,0.9787771601819101,72219.0,64506.0,8632.0,760.0,971.0,727.0,4037.0,40.0,77.0,70.0,89.0,34.0,35.0,99.0,668.0,51.0,69.0,660.0,178.0,1273.0,6495.0,162.0,980.34375,3621.7916666666665,6965.4375,9068.5,8759.0,9.6875,35.541666666666664,56.6875,971.0,162.0,1.1189764738082886,1.7064712047576904,2.401165246963501
500000,14545893,116367144,50000,2.1444334983825684,0.4859449863433838,1.2742588520050049,0.78697270154953,1907.213625718544,238.401703214818,7664.466680860124,766.4466680860124,64.81914207661266,0.008130386,1000,317,209,18,2549.618517038825,2301.140192049166,31.7207,29.0,0.24987851,6801.0,3159.0,40.0,73.0,15.0,731.0,574.0,1235.0,1158.0,1677.0,1641.0,0.2054794520547945,0.7852257181942545,0.9376518218623482,0.9785330948121646,73181.0,66035.0,8446.0,1142.0,575.0,524.0,4349.0,29.0,52.0,44.0,38.0,9.0,14.0,69.0,650.0,28.0,54.0,657.0,173.0,1444.0,6590.0,149.0,1067.375,3756.0833333333335,6913.375,9203.0,8667.0,5.375,31.708333333333332,55.25,1004.25,149.0,1.2516416311264038,1.7424744367599487,2.4633853435516357
510000,14863100,118904800,51000,2.1503756046295166,0.4949130117893219,1.2827445268630981,0.7846997380256653,1946.6357553803539,243.32946942254424,7670.999360750054,767.0999360750054,66.15895455962635,0.008115198,1000,353,176,21,2620.7294490309573,2344.5355288033056,30.741,28.0,0.23322545,6773.0,3198.0,29.0,78.0,15.0,827.0,586.0,1412.0,1312.0,1896.0,1850.0,0.19230769230769232,0.7085852478839177,0.9291784702549575,0.9757383966244726,72700.0,65014.0,8728.0,955.0,803.0,777.0,4151.0,10.0,25.0,25.0,32.0,8.0,16.0,43.0,703.0,16.0,78.0,649.0,151.0,1325.0,6686.0,233.0,971.0625,3552.5833333333335,6817.0,9068.0,9458.0,3.125,32.416666666666664,54.875,1001.375,233.0,1.1296747922897339,1.6214542388916016,2.392378091812134
520000,15170510,121364080,52000,2.1139514446258545,0.5033100247383118,1.2502973079681396,0.78096604347229,1880.9024856596557,235.11281070745696,7648.183556405354,764.8183556405353,63.9249236719847,0.008040537,1000,321,233,27,2622.8571552551275,2421.5170075454553,31.9766,29.0,0.27269382999999997,6755.0,3198.0,47.0,75.0,15.0,762.0,561.0,1247.0,1153.0,1688.0,1639.0,0.2,0.7362204724409449,0.9246190858059342,0.9709715639810427,75089.0,67360.0,8164.0,671.0,648.0,727.0,4541.0,18.0,19.0,29.0,41.0,13.0,11.0,42.0,651.0,27.0,65.0,637.0,150.0,1564.0,6587.0,146.0,1211.59375,3651.0416666666665,6932.25,9230.0,8614.0,3.75,30.458333333333332,53.25,1018.875,146.0,1.163213849067688,1.5790584087371826,2.2739782333374023
530000,15490276,123922208,53000,2.0705044269561768,0.5125409960746765,1.2103866338729858,0.7776959538459778,1853.7159420289856,231.7144927536232,7246.376811594204,724.6376811594204,63.000953535443486,0.007940088,1000,329,185,15,2609.6268924584333,2378.7462776570765,33.1373,31.0,0.22130852,5810.0,4141.0,49.0,78.0,15.0,588.0,462.0,1075.0,1024.0,1500.0,1474.0,0.19230769230769232,0.7857142857142857,0.9525581395348838,0.9826666666666667,75699.0,68431.0,8659.0,735.0,681.0,961.0,3967.0,32.0,72.0,45.0,61.0,21.0,11.0,84.0,970.0,30.0,79.0,774.0,156.0,1171.0,6344.0,150.0,1170.3125,3968.3333333333335,7180.9375,9345.625,9023.0,7.21875,45.625,63.0625,939.375,150.0,1.2152063846588135,1.6291331052780151,2.4037485122680664
540000,15821649,126573192,54000,2.0386574268341064,0.5189759731292725,1.1796575784683228,0.7767553925514221,1911.3844181854595,238.92305227318244,7210.094131784498,721.0094131784498,64.96089189731416,0.007978235,1000,330,203,12,2495.1928194073053,2421.120623807794,30.0158,26.5,0.2227138,6348.0,3626.0,26.0,77.0,15.0,695.0,536.0,1161.0,1084.0,1580.0,1543.0,0.19480519480519481,0.7712230215827338,0.9336778639104221,0.9765822784810126,67065.0,60373.0,7468.0,1129.0,578.0,832.0,3648.0,9.0,16.0,19.0,31.0,12.0,14.0,67.0,1056.0,34.0,59.0,771.0,210.0,1266.0,6187.0,249.0,952.53125,3293.625,6768.6875,9148.875,9140.0,2.71875,48.791666666666664,65.0,931.625,249.0,1.3484101295471191,1.8762589693069458,2.548845052719116
550000,16121807,128974456,55000,2.008538007736206,0.5283430218696594,1.1528408527374268,0.7735370993614197,1974.9943797121316,246.87429746401645,8224.81151473612,822.481151473612,67.12275938718794,0.007926855,1000,328,223,18,2763.1533311691037,2318.272076200779,29.4035,27.0,0.27073626000000006,7165.0,2811.0,24.0,79.0,15.0,809.0,607.0,1388.0,1294.0,1896.0,1857.0,0.189873417721519,0.7503090234857849,0.9322766570605188,0.9794303797468354,65775.0,58671.0,8447.0,909.0,634.0,621.0,4342.0,36.0,70.0,60.0,50.0,27.0,20.0,96.0,601.0,22.0,65.0,530.0,170.0,1590.0,6506.0,157.0,826.125,3286.0833333333335,6674.375,9099.625,9146.0,7.59375,30.791666666666668,47.8125,1012.0,157.0,1.1233302354812622,1.5350416898727417,2.3167927265167236
560000,16415842,131326736,56000,1.983751893043518,0.5347380042076111,1.1329820156097412,0.7687420845031738,1861.9630606860158,232.74538258575197,7915.567282321899,791.5567282321899,63.28124261724538,0.008095955,1000,330,218,44,2782.6170214789013,2443.999604693219,31.3199,29.0,0.38312116,6920.0,3017.0,63.0,73.0,15.0,538.0,360.0,965.0,859.0,1403.0,1364.0,0.2054794520547945,0.6691449814126395,0.8901554404145078,0.9722024233784747,73838.0,66722.0,8231.0,744.0,882.0,687.0,5045.0,11.0,15.0,8.0,14.0,18.0,13.0,42.0,422.0,10.0,32.0,466.0,96.0,1292.0,7358.0,203.0,1130.25,3639.5833333333335,6695.375,9126.125,9546.0,2.0625,20.291666666666668,37.125,1081.25,203.0,1.0610225200653076,1.549230933189392,2.287505865097046
570000,16729041,133832328,57000,1.960653305053711,0.5402100086212158,1.1122715473175049,0.7664409875869751,1783.6921494957485,222.96151868696856,7118.845165117658,711.8845165117659,60.62110363517596,0.007923528,1000,344,203,31,2827.4287456039465,2460.8355579593567,30.0008,27.0,0.29702516,6569.0,3394.0,37.0,78.0,15.0,636.0,464.0,1192.0,1095.0,1689.0,1654.0,0.19230769230769232,0.7295597484276729,0.9186241610738255,0.9792776791000593,69681.0,62090.0,8111.0,944.0,938.0,771.0,3450.0,10.0,24.0,20.0,31.0,16.0,17.0,57.0,980.0,13.0,77.0,600.0,170.0,1625.0,6103.0,257.0,999.3125,3336.0833333333335,6609.6875,9156.625,8956.0,3.15625,44.458333333333336,52.9375,966.0,257.0,1.0646275281906128,1.5021251440048218,2.327031135559082
580000,17029049,136232392,58000,1.9432880878448486,0.5454319715499878,1.097793459892273,0.7635120749473572,1860.5147286821705,232.5643410852713,7751.937984496124,775.1937984496124,63.232019165469765,0.007904056,1000,347,195,20,2711.0500534131506,2488.6369349022934,30.835,28.0,0.30676322,7043.0,2920.0,37.0,70.0,15.0,499.0,368.0,1033.0,956.0,1502.0,1474.0,0.21428571428571427,0.7374749498997996,0.925459825750242,0.9813581890812251,73437.0,65897.0,8051.0,995.0,566.0,565.0,5301.0,6.0,20.0,27.0,38.0,11.0,4.0,51.0,392.0,16.0,33.0,415.0,126.0,1318.0,7427.0,116.0,1121.25,3527.7916666666665,6674.25,9010.625,8930.0,3.1875,19.291666666666668,35.875,1093.125,116.0,1.0883619785308838,1.5605467557907104,2.2621829509735107
590000,17337399,138699192,59000,1.9218281507492065,0.5502790212631226,1.0804721117019653,0.7594181299209595,1861.735849056604,232.7169811320755,7547.169811320755,754.7169811320755,63.273520533735855,0.008057318,1000,319,199,12,2647.297902986071,2420.9020719789214,29.9184,27.0,0.26626611,7109.0,2860.0,31.0,78.0,15.0,673.0,482.0,1215.0,1098.0,1703.0,1653.0,0.19230769230769232,0.7161961367013373,0.9037037037037037,0.9706400469759249,69928.0,62846.0,8194.0,1542.0,802.0,704.0,3561.0,28.0,61.0,50.0,53.0,20.0,12.0,123.0,576.0,19.0,62.0,493.0,132.0,1600.0,6609.0,162.0,984.96875,3368.3333333333335,6609.6875,9002.625,9049.0,6.625,30.416666666666668,42.9375,1026.125,162.0,1.2158881425857544,1.6447941064834595,2.4226770401000977
600000,17636583,141092664,60000,1.907581090927124,0.5540919899940491,1.0681287050247192,0.7575903534889221,1914.7776000000001,239.34720000000002,8000.0,800.0,65.0762136059904,0.0077546113,1000,335,206,36,2811.908966590712,2422.8847752775932,30.1072,27.0,0.3263940799999999,7286.0,2692.0,22.0,79.0,15.0,558.0,414.0,1109.0,1016.0,1614.0,1573.0,0.189873417721519,0.7419354838709677,0.9161406672678089,0.9745972738537795,72417.0,64725.0,8081.0,966.0,771.0,684.0,4986.0,22.0,45.0,35.0,41.0,34.0,11.0,70.0,314.0,11.0,22.0,403.0,102.0,1354.0,7407.0,129.0,1029.15625,3284.7916666666665,6814.625,8941.75,8736.0,5.53125,16.916666666666668,32.9375,1095.125,129.0,1.0169228315353394,1.5592396259307861,2.405216932296753
610000,17937655,143501240,61000,1.8910024166107178,0.5587599873542786,1.0554667711257935,0.7537559270858765,1864.704,233.088,7741.935483870967,774.1935483870967,63.374397014016004,0.007978374,1000,351,181,11,2640.446478174939,2474.5391466268884,26.4165,23.0,0.33830974999999996,7156.0,2829.0,15.0,67.0,15.0,471.0,319.0,981.0,869.0,1487.0,1434.0,0.22388059701492538,0.6772823779193206,0.8858307849133538,0.9643577673167452,58351.0,52311.0,7100.0,970.0,1252.0,577.0,4466.0,1.0,13.0,23.0,16.0,10.0,7.0,29.0,276.0,16.0,26.0,467.0,101.0,1573.0,7265.0,177.0,715.71875,2736.5833333333335,6005.125,8799.75,9104.0,1.96875,13.666666666666666,37.125,1104.75,177.0,1.3060380220413208,1.837012767791748,2.507023572921753
620000,18201820,145614560,62000,1.8703702688217163,0.5626699924468994,1.039316177368164,0.7493748664855957,1973.528404669261,246.6910505836576,9338.52140077821,933.852140077821,67.07293631372453,0.007889007,1000,345,197,52,2785.712415354147,2525.5299411370693,30.6923,28.0,0.40348583,7083.0,2879.0,38.0,62.0,15.0,526.0,345.0,994.0,884.0,1533.0,1479.0,0.24193548387096775,0.655893536121673,0.8893360160965795,0.9647749510763209,73384.0,65634.0,8487.0,1744.0,1067.0,465.0,4028.0,5.0,11.0,5.0,15.0,14.0,6.0,17.0,180.0,17.0,15.0,367.0,63.0,1717.0,7304.0,264.0,1057.09375,3489.6666666666665,6787.3125,8934.875,9268.0,1.5625,9.166666666666666,27.8125,1127.625,264.0,1.0474724769592285,1.5727148056030273,2.238266706466675
630000,18508743,148069944,63000,1.8520150184631348,0.5678579807281494,1.0254542827606201,0.7449477910995483,1869.1863818989216,233.6482977373652,7612.603087333475,761.2603087333474,63.52673660787685,0.0077283564,1000,346,192,28,2780.384652342856,2612.8647096766194,31.3057,29.0,0.40770821000000007,6805.0,3161.0,34.0,71.0,15.0,503.0,350.0,989.0,907.0,1540.0,1498.0,0.2112676056338028,0.6958250497017893,0.917087967644085,0.9727272727272728,72393.0,64301.0,8596.0,1384.0,1286.0,488.0,4719.0,5.0,16.0,12.0,24.0,10.0,5.0,16.0,215.0,15.0,25.0,386.0,75.0,1170.0,7877.0,149.0,1110.6875,3734.6666666666665,6808.125,8777.875,8730.0,2.09375,10.458333333333334,30.375,1130.875,149.0,1.0372382402420044,1.523730993270874,2.3305861949920654
640000,18821800,150574400,64000,1.8375860452651978,0.5717560052871704,1.0140020847320557,0.7420831918716431,1841.887967313585,230.23599591419813,7354.443309499489,735.444330949949,62.59896439106157,0.0078698825,1000,346,186,15,2723.6767170437593,2557.8787855798064,30.1839,27.0,0.33576915,6786.0,3179.0,35.0,80.0,15.0,607.0,413.0,1183.0,1096.0,1746.0,1713.0,0.1875,0.6803953871499177,0.926458157227388,0.9810996563573883,69498.0,62070.0,8383.0,1200.0,1268.0,641.0,4293.0,20.0,36.0,28.0,46.0,18.0,13.0,37.0,227.0,20.0,49.0,493.0,89.0,1411.0,7402.0,111.0,928.15625,3498.9583333333335,6716.1875,8963.375,8997.0,4.625,12.375,39.4375,1101.625,111.0,1.1287997961044312,1.5564050674438477,2.2313504219055176
650000,19123639,152989112,65000,1.821916103363037,0.5751680135726929,1.0003242492675781,0.7403042316436768,1911.8018913569385,238.97523641961732,7917.308115240818,791.7308115240818,64.97508026743189,0.0077622607,1000,333,190,47,2881.8522645386306,2548.284588010903,31.7273,29.0,0.40218241,6649.0,3303.0,48.0,76.0,15.0,587.0,403.0,1110.0,1011.0,1596.0,1560.0,0.19736842105263158,0.686541737649063,0.9108108108108108,0.9774436090225563,76091.0,67435.0,8642.0,1341.0,1391.0,386.0,4792.0,3.0,29.0,19.0,27.0,10.0,9.0,40.0,131.0,13.0,17.0,387.0,88.0,1044.0,7910.0,273.0,1128.5625,3714.9583333333335,6832.8125,9136.875,9580.0,2.75,8.041666666666666,30.75,1119.25,273.0,1.0530295372009277,1.4846924543380737,2.239211082458496
660000,19440912,155527296,66000,1.8139995336532593,0.5766810178756714,0.9930366277694702,0.7397639155387878,1838.5236217303823,229.81545271629778,7243.460764587525,724.3460764587526,62.48462271930978,0.0077668102,1000,336,204,33,2745.776420134831,2602.2663741484635,30.6875,28.0,0.41427869,7274.0,2685.0,41.0,76.0,15.0,598.0,411.0,1184.0,1091.0,1720.0,1670.0,0.19736842105263158,0.6872909698996655,0.9214527027027027,0.9709302325581395,73383.0,65258.0,8247.0,1330.0,1159.0,521.0,4885.0,10.0,17.0,28.0,32.0,17.0,13.0,39.0,148.0,27.0,31.0,329.0,88.0,1013.0,7895.0,313.0,1132.1875,3556.625,6488.5625,9037.0,9173.0,3.25,9.458333333333334,28.0,1113.5,313.0,1.0510262250900269,1.5164611339569092,2.186966896057129
670000,19747787,157982296,67000,1.8007599115371704,0.5805829763412476,0.9831148386001587,0.7365760207176208,1873.2513777024164,234.15642221280206,7630.351844001696,763.0351844001696,63.66489079101315,0.0077577713,1000,353,178,39,2853.361850290726,2549.8401896457817,33.0099,31.0,0.37124809,7226.0,2745.0,29.0,79.0,15.0,554.0,372.0,963.0,861.0,1338.0,1298.0,0.189873417721519,0.6714801444043321,0.8940809968847352,0.9701046337817638,73213.0,65707.0,8353.0,1467.0,1283.0,524.0,4322.0,9.0,29.0,28.0,29.0,11.0,5.0,45.0,175.0,16.0,27.0,334.0,79.0,1463.0,7596.0,154.0,1131.65625,4025.375,7137.5625,9210.625,9391.0,3.3125,10.041666666666666,27.5,1132.375,154.0,0.9812185168266296,1.4687752723693848,2.1808300018310547
680000,20077886,160623088,68000,1.791469931602478,0.582942008972168,0.9744924306869507,0.736072838306427,1835.6538327862522,229.45672909828153,6951.148870438309,695.1148870438309,62.38708919983874,0.0077137006,1000,349,205,51,2849.008536265363,2653.443422073585,33.728,33.0,0.44955744000000003,6604.0,3366.0,30.0,67.0,15.0,481.0,324.0,859.0,782.0,1261.0,1223.0,0.22388059701492538,0.6735966735966736,0.910360884749709,0.9698651863600317,75412.0,67730.0,8714.0,1500.0,1448.0,324.0,5263.0,3.0,13.0,8.0,21.0,8.0,8.0,21.0,109.0,8.0,17.0,229.0,65.0,851.0,8535.0,104.0,1284.875,4077.0,7202.0625,9237.375,9184.0,1.65625,6.083333333333333,19.4375,1173.25,104.0,0.9335474967956543,1.3952361345291138,2.1124448776245117
690000,20415166,163321328,69000,1.7775461673736572,0.5863850116729736,0.9628592729568481,0.7338666915893555,1867.6531436262258,233.45664295327822,6921.745818111902,692.1745818111901,63.47462750583657,0.0077005094,1000,354,195,41,2942.4153547545784,2650.6673874842513,33.4295,33.0,0.39256347999999996,6382.0,3587.0,31.0,71.0,15.0,641.0,421.0,1150.0,1039.0,1653.0,1590.0,0.2112676056338028,0.656786271450858,0.9034782608695652,0.9618874773139746,74567.0,66788.0,9018.0,1583.0,1322.0,651.0,3455.0,3.0,15.0,22.0,18.0,5.0,11.0,24.0,78.0,24.0,30.0,283.0,68.0,2130.0,7011.0,278.0,1202.90625,3977.4583333333335,7232.3125,9418.625,9277.0,1.96875,5.708333333333333,23.8125,1142.625,278.0,1.1148759126663208,1.5077455043792725,2.267423152923584
700000,20749461,165995688,70000,1.7722159624099731,0.5879089832305908,0.9572688341140747,0.7341364026069641,1898.5793729047525,237.32242161309406,7099.191480970223,709.9191480970223,64.52569573567028,0.007719105,1000,343,187,47,2971.3511457151194,2583.3213325291845,32.1411,30.0,0.42261885999999993,6795.0,3179.0,26.0,73.0,15.0,653.0,426.0,1157.0,1043.0,1659.0,1603.0,0.2054794520547945,0.6523736600306279,0.9014693171996543,0.9662447257383966,73263.0,65192.0,8795.0,1904.0,1496.0,510.0,3412.0,11.0,21.0,20.0,18.0,14.0,7.0,17.0,112.0,11.0,17.0,275.0,86.0,1803.0,7322.0,266.0,1064.09375,3817.0,6985.6875,9321.25,9411.0,2.625,6.125,23.625,1140.625,266.0,1.0657378435134888,1.5901741981506348,2.2938292026519775
710000,21070872,168566976,71000,1.7616304159164429,0.5904949903488159,0.9495853185653687,0.7313385009765625,1855.7812349639132,231.97265437048915,7217.321571772253,721.7321571772253,63.07114520897898,0.007585557,1000,352,198,64,2857.6096276969943,2670.258169272509,34.3166,34.0,0.42941381,7039.0,2924.0,37.0,61.0,15.0,395.0,266.0,742.0,671.0,1108.0,1077.0,0.2459016393442623,0.6734177215189874,0.9043126684636119,0.9720216606498195,74144.0,66520.0,8567.0,1212.0,1439.0,278.0,5791.0,2.0,8.0,9.0,10.0,2.0,5.0,10.0,64.0,10.0,5.0,137.0,28.0,873.0,8720.0,117.0,1317.3125,4135.416666666667,7458.4375,9118.125,9482.0,0.96875,3.7083333333333335,10.625,1199.125,117.0,1.0426067113876343,1.4589899778366089,2.17806339263916
720000,21414038,171312304,72000,1.754571795463562,0.5930430293083191,0.942179799079895,0.7317733764648438,1807.458083394294,225.93226042428674,6583.760058522312,658.3760058522312,61.42881988949583,0.007736065,1000,358,193,60,2917.4176710641555,2668.3422712308006,34.6803,35.0,0.40972815,6642.0,3303.0,55.0,68.0,15.0,399.0,263.0,750.0,678.0,1143.0,1117.0,0.22058823529411764,0.6591478696741855,0.904,0.9772528433945756,71069.0,63698.0,8732.0,1132.0,1654.0,460.0,4674.0,6.0,9.0,10.0,16.0,4.0,10.0,33.0,59.0,14.0,12.0,261.0,70.0,1424.0,7920.0,152.0,1312.28125,4263.416666666667,7383.9375,9363.0,9441.0,1.40625,4.833333333333333,21.4375,1168.0,152.0,0.9991036057472229,1.4434970617294312,2.0767481327056885
730000,21760841,174086728,73000,1.7403757572174072,0.5963169932365417,0.9304535984992981,0.7294167876243591,1775.0002488004266,221.87503110005332,6397.725253243291,639.7725253243291,60.32569805580693,0.0077403253,1000,354,191,51,2948.240903819841,2674.0502736736717,32.7936,31.0,0.42060021,6431.0,3542.0,27.0,75.0,15.0,446.0,299.0,919.0,821.0,1361.0,1323.0,0.2,0.6704035874439462,0.8933623503808488,0.9720793534166055,70580.0,62910.0,8105.0,917.0,1553.0,421.0,4457.0,7.0,26.0,17.0,22.0,18.0,11.0,19.0,60.0,23.0,24.0,215.0,55.0,1967.0,7348.0,188.0,1083.875,3840.75,7234.6875,9455.5,9675.0,2.8125,4.708333333333333,18.375,1164.375,188.0,0.9110124111175537,1.410409927368164,2.0758843421936035
740000,22088777,176710216,74000,1.7335588932037354,0.5984249711036682,0.9234815835952759,0.7296739220619202,1693.4833781603013,211.68542227003766,6455.083378160301,645.5083378160301,57.55524090910296,0.00781477,1000,345,200,64,2890.1458391099764,2596.4905606333455,33.7505,33.0,0.40169063999999993,6257.0,3697.0,46.0,58.0,15.0,347.0,225.0,701.0,629.0,1126.0,1091.0,0.25862068965517243,0.6484149855907781,0.8972895863052782,0.9689165186500888,71170.0,63776.0,8584.0,1639.0,1505.0,518.0,3653.0,5.0,2.0,9.0,13.0,4.0,3.0,13.0,56.0,7.0,2.0,169.0,32.0,2120.0,7315.0,250.0,1242.09375,3991.5416666666665,7292.125,9447.125,9710.0,1.03125,3.2916666666666665,12.6875,1179.375,250.0,1.0078455209732056,1.441441297531128,2.069124221801758
750000,22426282,179410256,75000,1.7257450819015503,0.6006879806518555,0.9146129488945007,0.7307319045066833,1773.7489051094892,221.71861313868615,6569.343065693431,656.9343065693431,60.28316950871825,0.0076827044,1000,343,211,65,3012.6483387192766,2773.744930305375,34.1332,32.0,0.38458290999999994,6333.0,3614.0,53.0,66.0,15.0,473.0,310.0,887.0,772.0,1254.0,1187.0,0.22727272727272727,0.6553911205073996,0.8703494926719278,0.9465709728867624,80683.0,71988.0,8342.0,1597.0,1529.0,1014.0,2349.0,2.0,11.0,7.0,7.0,5.0,3.0,9.0,62.0,3.0,11.0,233.0,135.0,2649.0,6489.0,374.0,1393.90625,4031.3333333333335,7201.0625,9391.375,9627.0,1.0,3.2083333333333335,23.6875,1142.25,374.0,0.9301173686981201,1.4583660364151,2.1278834342956543
760000,22767614,182140912,76000,1.7227182388305664,0.6032620072364807,0.9107816815376282,0.7315518856048584,1843.3080067504218,230.41350084380272,6750.421901368835,675.0421901368836,62.64722628305389,0.007623492,1000,362,190,78,2996.238439014969,2675.684872090258,34.5125,33.0,0.38044661,6323.0,3611.0,66.0,57.0,15.0,306.0,201.0,570.0,480.0,873.0,826.0,0.2631578947368421,0.6568627450980392,0.8421052631578947,0.9461626575028637,76253.0,68544.0,8353.0,1619.0,1826.0,1055.0,2711.0,4.0,7.0,8.0,9.0,4.0,3.0,9.0,63.0,6.0,13.0,141.0,42.0,2265.0,7211.0,215.0,1277.21875,4259.166666666667,7264.25,9492.5,9866.0,1.0,3.375,12.25,1184.5,215.0,0.9299212098121643,1.3604925870895386,1.9669986963272095
770000,23112739,184901912,77000,1.7190347909927368,0.6041430234909058,0.9065418839454651,0.732077956199646,1810.4918032786886,226.31147540983608,6557.377049180328,655.7377049180328,61.53192481573771,0.007781725,1000,364,190,51,2973.633380993328,2679.282957657769,32.8307,28.0,0.35021773,7477.0,2479.0,44.0,70.0,15.0,307.0,223.0,513.0,464.0,737.0,719.0,0.21428571428571427,0.7263843648208469,0.9044834307992202,0.9755766621438263,69230.0,62990.0,6592.0,1101.0,1886.0,443.0,4768.0,5.0,11.0,4.0,14.0,8.0,12.0,20.0,67.0,6.0,8.0,253.0,64.0,1206.0,8198.0,124.0,1272.3125,3570.9583333333335,7133.8125,9739.75,9831.0,1.3125,4.375,20.3125,1175.5,124.0,0.9783499836921692,1.3727622032165527,2.1334850788116455
780000,23441046,187528368,78000,1.7099529504776,0.607725977897644,0.8980618715286255,0.7314095497131348,1756.5003901170353,219.5625487646294,6687.720601894855,668.7720601894855,59.696956234636154,0.0077539296,1000,362,200,80,3044.7767343198466,2743.8328638682133,33.553,32.0,0.4003364,6490.0,3466.0,44.0,54.0,14.0,349.0,226.0,658.0,585.0,964.0,909.0,0.25925925925925924,0.6475644699140402,0.8890577507598785,0.9429460580912863,73911.0,66541.0,8689.0,1974.0,2117.0,1055.0,2668.0,1.0,6.0,5.0,8.0,8.0,0.0,8.0,51.0,4.0,7.0,151.0,31.0,1649.0,7814.0,257.0,1265.875,3864.0416666666665,7285.375,9510.625,9634.0,0.875,2.625,11.8125,1182.875,257.0,0.9773002862930298,1.354530692100525,1.9733989238739014
790000,23776576,190212608,79000,1.7067358493804932,0.60828697681427,0.8941490650177002,0.7321790456771851,1833.6364326375713,229.2045540796964,6831.119544592031,683.111954459203,62.318525225096025,0.007573926,1000,380,178,61,3037.516577988888,2738.734980287663,35.1521,33.0,0.4822078799999999,6825.0,3135.0,40.0,49.0,15.0,267.0,175.0,475.0,421.0,690.0,653.0,0.30612244897959184,0.6554307116104869,0.8863157894736842,0.946376811594203,72956.0,66035.0,8398.0,1953.0,2206.0,450.0,3451.0,2.0,2.0,4.0,7.0,1.0,2.0,4.0,40.0,4.0,8.0,111.0,25.0,1399.0,8060.0,331.0,1342.25,4130.166666666667,7657.8125,9648.875,9729.0,0.5,2.0833333333333335,9.0,1182.375,331.0,0.8848175406455994,1.2172855138778687,1.859358787536621
800000,24128097,193024776,80000,1.6996698379516602,0.6113190054893494,0.8864189386367798,0.7327920198440552,1724.374859478794,215.54685743484924,6131.834440470107,613.1834440470108,58.60512818420358,0.0075640664,1000,372,181,60,3017.7399351661065,2752.900086963328,33.2213,31.0,0.4226628699999999,6723.0,3241.0,36.0,59.0,15.0,341.0,232.0,593.0,523.0,871.0,816.0,0.2542372881355932,0.6803519061583577,0.8819561551433389,0.9368541905855339,67349.0,60780.0,8063.0,1401.0,2429.0,380.0,2971.0,2.0,9.0,8.0,11.0,9.0,2.0,13.0,42.0,9.0,10.0,161.0,33.0,2139.0,7181.0,371.0,1100.6875,3852.375,7390.25,9562.0,9794.0,1.21875,2.75,12.75,1165.0,371.0,0.9790669679641724,1.448211669921875,2.131441831588745
810000,24460310,195682480,81000,1.692697525024414,0.6121349930763245,0.8793333172798157,0.732951283454895,1801.493955940501,225.18674449256264,6778.384485031068,677.8384485031067,61.22612124075648,0.0075633056,1000,371,181,67,3056.7920933385717,2643.8263421670167,33.4252,31.0,0.41317107,7399.0,2552.0,49.0,51.0,14.0,228.0,152.0,408.0,364.0,646.0,606.0,0.27450980392156865,0.6666666666666666,0.8921568627450981,0.9380804953560371,70337.0,63702.0,7673.0,1563.0,2257.0,375.0,3344.0,0.0,6.0,3.0,6.0,2.0,1.0,10.0,28.0,9.0,7.0,98.0,29.0,1985.0,7539.0,277.0,1281.8125,3934.875,7009.875,9596.5,9867.0,0.53125,2.0,8.375,1190.5,277.0,0.844650149345398,1.2813571691513062,1.9441817998886108
820000,24794562,198356496,82000,1.6837775707244873,0.6152459979057312,0.8723945617675781,0.7310012578964233,1792.3026624464717,224.03783280580896,6702.6624464717925,670.2662446471793,60.91374314591517,0.007666734,1000,352,193,102,3143.3880249485455,2865.330685008648,34.78,33.0,0.40875100999999997,5900.0,4034.0,66.0,50.0,15.0,285.0,193.0,515.0,450.0,827.0,796.0,0.3,0.6771929824561403,0.8737864077669902,0.9625151148730351,75383.0,67992.0,8799.0,1981.0,2263.0,567.0,2200.0,2.0,6.0,5.0,6.0,4.0,3.0,14.0,40.0,4.0,5.0,157.0,21.0,2381.0,7011.0,341.0,1313.53125,4173.416666666667,7428.6875,9618.875,9795.0,0.71875,2.5416666666666665,11.4375,1174.0,341.0,0.9815133213996887,1.3886072635650635,1.9928299188613892
830000,25142362,201138896,83000,1.6837260723114014,0.6157050132751465,0.8700833320617676,0.7332684397697449,1870.870377288009,233.85879716100112,6723.94471423235,672.394471423235,63.58396938710497,0.007704267,1000,384,194,123,3167.9080866866466,2753.0854524410997,36.9949,36.0,0.4366496999999999,6175.0,3763.0,62.0,53.0,15.0,196.0,142.0,354.0,307.0,505.0,472.0,0.2830188679245283,0.7244897959183674,0.867231638418079,0.9346534653465347,72386.0,66282.0,8707.0,1443.0,2363.0,362.0,4456.0,3.0,3.0,4.0,8.0,5.0,1.0,12.0,49.0,4.0,6.0,79.0,59.0,761.0,8624.0,382.0,1504.65625,4492.166666666667,7874.6875,9755.875,9946.0,0.71875,2.75,9.0,1173.125,382.0,0.9313563108444214,1.2457844018936157,1.8185384273529053
840000,25512311,204098488,84000,1.6824277639389038,0.6172069907188416,0.8671911358833313,0.7348403930664062,1725.1507772020725,215.64384715025906,5829.015544041451,582.9015544041451,58.63149875982591,0.007581122,1000,352,186,80,3033.370271493234,2757.1033870387937,34.9383,33.0,0.40371349,5866.0,4053.0,81.0,38.0,13.0,201.0,133.0,380.0,325.0,596.0,552.0,0.34210526315789475,0.6616915422885572,0.8552631578947368,0.9261744966442953,71863.0,65475.0,7467.0,2166.0,2234.0,1164.0,3177.0,0.0,3.0,0.0,4.0,2.0,1.0,3.0,31.0,5.0,3.0,130.0,42.0,670.0,8741.0,365.0,1316.90625,3994.75,7732.3125,9743.25,9705.0,0.28125,1.6666666666666667,10.9375,1176.375,365.0,0.8249629735946655,1.1572822332382202,1.7181650400161743
850000,25861694,206893552,85000,1.6733992099761963,0.6203489899635315,0.8568058013916016,0.7361404299736023,1720.0393846153845,215.00492307692306,6153.846153846154,615.3846153846154,58.457781417511384,0.0074885483,1000,360,205,85,3170.5045187540914,2744.116961150726,34.8284,33.0,0.40112399,6529.0,3400.0,71.0,55.0,15.0,229.0,165.0,432.0,382.0,655.0,630.0,0.2727272727272727,0.7205240174672489,0.8842592592592593,0.9618320610687023,69257.0,62824.0,8055.0,1810.0,1111.0,618.0,4389.0,3.0,5.0,3.0,9.0,3.0,4.0,15.0,42.0,5.0,10.0,123.0,47.0,1328.0,7928.0,475.0,1339.84375,4033.3333333333335,7589.5625,9663.625,9867.0,0.71875,2.75,11.25,1157.0,475.0,0.9265314936637878,1.2357237339019775,1.8169190883636475
860000,26209978,209679824,86000,1.6713303327560425,0.6213269829750061,0.8531139492988586,0.7377304434776306,1747.7921589127025,218.4740198640878,6272.869837950862,627.2869837950863,59.40099564162342,0.0075580697,1000,377,183,108,3140.10291259644,2828.159541178481,33.9651,31.0,0.44029327,6659.0,3275.0,66.0,47.0,15.0,275.0,175.0,526.0,452.0,795.0,763.0,0.3191489361702128,0.6363636363636364,0.8593155893536122,0.959748427672956,69939.0,63061.0,8249.0,2016.0,1731.0,1144.0,2528.0,1.0,4.0,5.0,2.0,1.0,4.0,8.0,18.0,1.0,4.0,86.0,27.0,1983.0,7419.0,437.0,1263.3125,4047.375,7275.75,9533.5,9408.0,0.40625,1.2916666666666667,7.3125,1175.25,437.0,0.9196524024009705,1.2288211584091187,1.8469750881195068
870000,26549629,212397032,87000,1.667280673980713,0.6229599714279175,0.8481417298316956,0.7385509610176086,1744.9070281840884,218.11337852301105,6421.6910453085975,642.1691045308597,59.302940711600996,0.0074940845,1000,373,166,60,3060.9220825130915,2832.6280220361805,37.3295,37.0,0.42845933999999997,5825.0,4101.0,74.0,42.0,14.0,275.0,189.0,508.0,446.0,755.0,722.0,0.3333333333333333,0.6872727272727273,0.8779527559055118,0.9562913907284768,79777.0,72514.0,8261.0,2288.0,2294.0,1044.0,2377.0,0.0,3.0,5.0,3.0,2.0,1.0,3.0,29.0,1.0,6.0,43.0,22.0,1492.0,8003.0,387.0,1766.03125,4519.333333333333,7595.0625,9720.375,9034.0,0.40625,1.4166666666666667,4.4375,1186.875,387.0,1.0525565147399902,1.4129383563995361,1.9708337783813477
880000,26922924,215383392,88000,1.662624716758728,0.624783992767334,0.8430824875831604,0.7388843297958374,1834.6238907849831,229.3279863481229,6143.344709897611,614.3344709897611,62.35208527788124,0.0075878827,1000,369,194,136,3076.3784629455477,2723.073131343594,31.4102,25.0,0.3993084,7568.0,2398.0,34.0,58.0,15.0,256.0,178.0,419.0,372.0,621.0,592.0,0.25862068965517243,0.6953125,0.8878281622911695,0.9533011272141707,60927.0,55267.0,6216.0,601.0,1810.0,1150.0,4308.0,6.0,6.0,10.0,13.0,1.0,2.0,11.0,67.0,4.0,10.0,59.0,24.0,1529.0,7869.0,389.0,1178.78125,3412.75,6873.875,9343.25,9747.0,1.125,3.5,5.8125,1174.75,389.0,0.8967012166976929,1.1940929889678955,1.7706681489944458
890000,27237026,217896208,89000,1.6519511938095093,0.6273850202560425,0.8342087864875793,0.7371635437011719,1667.7982300884958,208.47477876106197,6637.168141592921,663.7168141592921,56.68229765844956,0.007414404,1000,346,220,101,3127.9278511896787,2812.949322388915,34.772,33.0,0.41032849,7080.0,2872.0,48.0,55.0,14.0,279.0,191.0,485.0,427.0,690.0,653.0,0.2545454545454545,0.6845878136200717,0.8804123711340206,0.946376811594203,70454.0,63585.0,7869.0,1159.0,2238.0,682.0,4292.0,0.0,5.0,4.0,11.0,3.0,4.0,16.0,50.0,10.0,12.0,66.0,46.0,1038.0,8371.0,364.0,1365.78125,4195.333333333333,7290.5625,9604.75,9840.0,0.71875,3.3333333333333335,7.75,1176.125,364.0,0.8602818846702576,1.1292377710342407,1.6989067792892456
900000,27584746,220677968,90000,1.6492608785629272,0.6298230290412903,0.8306201100349426,0.7380422353744507,1681.103911364781,210.13798892059762,6043.310391136478,604.3310391136478,57.1345085872325,0.007627066,1000,360,186,133,3127.0374327804484,2779.864077480821,32.2635,29.0,0.42007159999999993,7590.0,2345.0,65.0,41.0,14.0,232.0,156.0,436.0,380.0,658.0,628.0,0.34146341463414637,0.6724137931034483,0.8715596330275229,0.9544072948328267,67829.0,61387.0,6478.0,1836.0,2133.0,258.0,3451.0,1.0,1.0,3.0,5.0,1.0,1.0,8.0,68.0,0.0,4.0,38.0,25.0,1823.0,7678.0,344.0,1281.40625,3451.7916666666665,6983.125,9651.125,9848.0,0.34375,3.2083333333333335,4.1875,1187.625,344.0,0.8444225192070007,1.139504313468933,1.5702499151229858
910000,27907381,223259048,91000,1.6415226459503174,0.6313419938087463,0.8253829479217529,0.7355412840843201,1687.2867259851098,210.91084074813872,6537.134556019611,653.7134556019612,57.344639604494645,0.007749371,1000,382,181,69,3157.882200090954,2847.3043635887143,35.6819,35.0,0.36297952000000006,7057.0,2847.0,96.0,52.0,15.0,297.0,191.0,544.0,459.0,829.0,776.0,0.28846153846153844,0.6430976430976431,0.84375,0.9360675512665863,80194.0,72515.0,8184.0,875.0,1864.0,856.0,5005.0,2.0,3.0,1.0,4.0,1.0,6.0,16.0,88.0,8.0,11.0,55.0,35.0,813.0,8600.0,357.0,1571.625,4258.208333333333,7348.375,9614.25,9842.0,0.34375,4.916666666666667,6.3125,1176.625,357.0,0.9774855971336365,1.3164337873458862,1.925377607345581
920000,28264200,226113600,92000,1.6398206949234009,0.6328210234642029,0.8239569664001465,0.7352837324142456,1790.3113588850172,223.78891986062715,6271.77700348432,627.177700348432,60.8460660977193,0.007532111,1000,386,194,80,3184.1322048125944,2937.9032979550075,37.0475,36.0,0.40396045999999997,6512.0,3373.0,115.0,45.0,14.0,197.0,140.0,393.0,342.0,598.0,565.0,0.3111111111111111,0.7106598984771574,0.8702290076335878,0.9448160535117057,76684.0,69728.0,8789.0,1494.0,2542.0,256.0,4690.0,2.0,0.0,3.0,4.0,2.0,1.0,4.0,40.0,3.0,3.0,23.0,18.0,776.0,8982.0,139.0,1547.15625,4674.333333333333,7545.9375,9771.875,9872.0,0.34375,2.0,2.75,1219.75,139.0,0.9623731970787048,1.367111325263977,1.908656120300293
930000,28634675,229077400,93000,1.6338235139846802,0.6356269717216492,0.8167793154716492,0.7365140914916992,1757.483116455279,219.68538955690988,5929.830340965244,592.9830340965244,59.73035547071652,0.007533149,1000,350,215,112,3123.3961934641025,2810.9500966744004,34.5069,32.0,0.39481837999999997,7376.0,2543.0,81.0,34.0,14.0,154.0,115.0,284.0,258.0,431.0,405.0,0.4117647058823529,0.7467532467532467,0.9084507042253521,0.9396751740139211,67774.0,61885.0,7877.0,644.0,1490.0,179.0,6491.0,2.0,1.0,0.0,1.0,1.0,2.0,4.0,39.0,1.0,4.0,11.0,14.0,926.0,8804.0,190.0,1342.84375,4118.958333333333,7278.125,9618.5,9845.0,0.15625,1.9166666666666667,1.8125,1216.25,190.0,0.8865105509757996,1.1877058744430542,1.7254350185394287
940000,28979744,231837952,94000,1.6269192695617676,0.638608992099762,0.8117865920066833,0.7347472906112671,1648.911100049776,206.113887506222,5973.1209556993535,597.3120955699353,56.04039391526611,0.007585457,1000,359,199,111,3126.7501090321366,2837.041154526951,33.7069,32.0,0.39185064000000003,5589.0,4363.0,48.0,28.0,11.0,177.0,106.0,360.0,309.0,550.0,521.0,0.39285714285714285,0.5988700564971752,0.8583333333333333,0.9472727272727273,56584.0,51616.0,6924.0,531.0,974.0,612.0,6934.0,0.0,1.0,1.0,0.0,0.0,0.0,4.0,56.0,2.0,2.0,15.0,11.0,656.0,9051.0,201.0,1076.65625,3866.0416666666665,7604.0,9806.875,9712.0,0.0625,2.5833333333333335,1.75,1213.375,201.0,0.9345292448997498,1.1672606468200684,1.7070890665054321
950000,29316813,234534504,95000,1.6273969411849976,0.6414530277252197,0.8081927299499512,0.738793671131134,1663.3973954763535,207.9246744345442,6168.60863605209,616.860863605209,56.53272955546758,0.007524626,1000,367,191,75,3132.4592143663535,2855.883245473831,33.2316,31.0,0.43611163999999997,6671.0,3262.0,67.0,33.0,11.0,212.0,136.0,474.0,405.0,755.0,713.0,0.3333333333333333,0.6415094339622641,0.8544303797468354,0.9443708609271523,64149.0,58226.0,7859.0,454.0,1095.0,754.0,5478.0,0.0,0.0,0.0,0.0,1.0,1.0,6.0,49.0,2.0,2.0,34.0,16.0,1858.0,7781.0,250.0,1182.5,3880.3333333333335,7118.3125,9719.0,9703.0,0.03125,2.4166666666666665,3.25,1204.875,250.0,0.9171572327613831,1.2579889297485352,1.7557669878005981
960000,29649129,237193032,96000,1.6212973594665527,0.6428719758987427,0.8034016489982605,0.7374517321586609,1637.416732249786,204.67709153122325,6159.110350727117,615.9110350727117,55.649742836927835,0.0075102313,1000,371,184,112,3185.8585363748643,2878.402608414819,32.1516,30.0,0.44417727999999995,6391.0,3570.0,39.0,31.0,12.0,252.0,167.0,507.0,444.0,766.0,729.0,0.3870967741935484,0.6626984126984127,0.8757396449704142,0.9516971279373369,62552.0,56348.0,7601.0,1959.0,1910.0,196.0,3502.0,0.0,1.0,1.0,5.0,0.0,0.0,8.0,30.0,2.0,1.0,26.0,16.0,1982.0,7567.0,361.0,1116.625,3775.5833333333335,6856.0625,9498.875,9482.0,0.21875,1.6666666666666667,2.6875,1193.625,361.0,0.8559180498123169,1.1885744333267212,1.6026203632354736
970000,29970645,239765160,97000,1.6207269430160522,0.6438959836959839,0.7994018793106079,0.740928590297699,1649.6812399786213,206.21015499732766,6413.682522715126,641.3682522715126,56.06656812501038,0.0075137354,1000,371,210,114,3239.3533171428776,2890.039964638991,35.551,35.0,0.39635690000000007,7102.0,2820.0,78.0,29.0,12.0,202.0,130.0,439.0,376.0,699.0,665.0,0.41379310344827586,0.6435643564356436,0.856492027334852,0.9513590844062947,73256.0,66321.0,8311.0,1817.0,2675.0,356.0,3139.0,1.0,1.0,1.0,1.0,0.0,0.0,4.0,22.0,0.0,4.0,25.0,12.0,1585.0,7987.0,357.0,1400.46875,4419.0,7422.25,9530.5,9639.0,0.125,1.0833333333333333,2.5625,1196.5,357.0,0.8302503824234009,1.1074819564819336,1.5965784788131714
980000,30326155,242609240,98000,1.6174198389053345,0.6460800170898438,0.7953378558158875,0.7417097091674805,1636.618925831202,204.57736572890025,5754.475703324808,575.4475703324808,55.62262834545268,0.0076261526,1000,369,201,77,3241.0812521611215,2956.6302940201826,35.9453,35.0,0.36599565,6764.0,3043.0,193.0,28.0,12.0,203.0,134.0,431.0,378.0,660.0,627.0,0.42857142857142855,0.6600985221674877,0.877030162412993,0.95,86643.0,78430.0,7567.0,425.0,1340.0,612.0,5765.0,0.0,0.0,0.0,2.0,1.0,1.0,2.0,27.0,1.0,3.0,12.0,12.0,1673.0,8142.0,124.0,1728.125,4472.458333333333,6883.875,9625.5,9668.0,0.09375,1.2916666666666667,1.6875,1226.875,124.0,0.908523678779602,1.1613394021987915,1.7182823419570923
990000,30685608,245484864,99000,1.6193195581436157,0.6468870043754578,0.7962852120399475,0.7425984740257263,1793.5284823284824,224.1910602910603,6237.006237006237,623.7006237006237,60.95540423307443,0.0075410106,1000,374,190,81,3203.9657646778896,2955.2945643020917,30.055,25.0,0.405279,8328.0,1582.0,90.0,28.0,13.0,147.0,107.0,287.0,248.0,453.0,419.0,0.4642857142857143,0.7278911564625851,0.8641114982578397,0.9249448123620309,53581.0,49242.0,5032.0,1012.0,1604.0,216.0,6389.0,0.0,1.0,2.0,0.0,1.0,1.0,3.0,26.0,1.0,2.0,22.0,5.0,614.0,9221.0,101.0,1121.3125,3119.7916666666665,6573.8125,9339.5,9896.0,0.125,1.2916666666666667,1.8125,1229.375,101.0,0.9027142524719238,1.1407482624053955,1.5866013765335083
1000000,30986158,247889264,100000,1.5996384620666504,0.6506140232086182,0.7855013012886047,0.7338017225265503,1560.7356653443924,195.09195816804905,6491.164803461955,649.1164803461955,53.043636786036785,0.0076873293,1000,363,195,117,3291.1737176836864,2839.029949007274,28.5892,25.0,0.45248046,5045.0,4892.0,63.0,26.0,10.0,164.0,107.0,384.0,337.0,610.0,586.0,0.38461538461538464,0.6524390243902439,0.8776041666666666,0.9606557377049181,58014.0,52696.0,5879.0,636.0,1511.0,83.0,6828.0,0.0,0.0,0.0,2.0,0.0,1.0,6.0,7.0,2.0,0.0,23.0,4.0,578.0,9058.0,319.0,1074.8125,3052.875,5874.5625,9317.375,9697.0,0.0625,0.6666666666666666,1.6875,1204.5,319.0,0.8287172913551331,1.074798583984375,1.6781266927719116
1010000,31272050,250176400,101000,1.598198652267456,0.651593029499054,0.7814736366271973,0.7364717125892639,1629.4655848011082,203.68319810013853,7124.480506629725,712.4480506629725,55.37951272258824,0.0076030116,1000,383,178,95,3201.1653297271114,2942.2235623439237,32.7018,29.0,0.37712575,6797.0,3072.0,131.0,22.0,9.0,185.0,121.0,391.0,349.0,613.0,594.0,0.4090909090909091,0.654054054054054,0.8925831202046036,0.9690048939641109,76476.0,69110.0,7262.0,1459.0,2960.0,704.0,3454.0,0.0,0.0,0.0,0.0,0.0,1.0,3.0,11.0,0.0,1.0,32.0,6.0,952.0,8577.0,417.0,1513.125,3794.4166666666665,6538.25,9137.875,9817.0,0.0,0.625,2.4375,1191.125,417.0,0.8226697444915771,1.1630319356918335,1.6715165376663208
1020000,31599068,252792544,102000,1.5953152179718018,0.6524040102958679,0.7799605131149292,0.7350754737854004,1704.9454018826937,213.1181752353367,6517.016654598117,651.7016654598117,57.9447927317874,0.0077015297,1000,369,202,119,3282.853998252795,2926.778673175124,29.044,23.0,0.373574,7861.0,2046.0,93.0,27.0,8.0,166.0,104.0,316.0,271.0,489.0,471.0,0.2962962962962963,0.6265060240963856,0.8575949367088608,0.9631901840490797,59741.0,54456.0,5487.0,877.0,1871.0,209.0,6089.0,0.0,0.0,1.0,0.0,0.0,0.0,0.0,30.0,0.0,3.0,42.0,13.0,649.0,9046.0,216.0,1160.4375,3092.6666666666665,5943.5625,9269.5,9829.0,0.03125,1.25,3.625,1211.875,216.0,0.9725952744483948,1.234212875366211,1.6487748622894287
1030000,31889508,255116064,103000,1.5887788534164429,0.6547430157661438,0.7764170169830322,0.7320654392242432,1755.8085642317383,219.47607052896728,7556.675062972293,755.6675062972292,59.673443629783385,0.0076602073,1000,353,212,123,3241.152236791112,3003.3140245016057,28.9905,25.0,0.39236677,7893.0,2013.0,94.0,18.0,7.0,171.0,117.0,319.0,284.0,487.0,472.0,0.3888888888888889,0.6842105263157895,0.890282131661442,0.9691991786447639,59840.0,54426.0,5918.0,401.0,2108.0,135.0,5847.0,0.0,0.0,0.0,0.0,0.0,0.0,1.0,24.0,0.0,0.0,32.0,2.0,1320.0,8491.0,130.0,1082.3125,3233.5416666666665,6079.5625,8923.0,9009.0,0.0,1.0416666666666667,2.125,1226.375,130.0,0.8900077939033508,1.1706868410110474,1.5491955280303955
1040000,32179413,257435304,104000,1.5800206661224365,0.6552559733390808,0.7722139358520508,0.7275745272636414,1752.574307304786,219.07178841309826,7556.675062972293,755.6675062972292,59.56352319064988,0.007570638,1000,325,232,121,3302.735583787599,2975.918523163061,33.5559,31.0,0.41841153000000003,7061.0,2845.0,94.0,22.0,9.0,207.0,125.0,460.0,394.0,793.0,764.0,0.4090909090909091,0.6038647342995169,0.8565217391304348,0.9634300126103404,70140.0,63073.0,8177.0,1656.0,1033.0,690.0,4546.0,0.0,0.0,0.0,0.0,0.0,0.0,1.0,19.0,1.0,2.0,18.0,5.0,1626.0,7925.0,403.0,1314.28125,3900.2083333333335,7144.4375,9489.0,9674.0,0.0,0.875,1.5625,1193.875,403.0,0.8354158401489258,1.0146819353103638,1.5422731637954712
1050000,32514972,260119776,105000,1.5747097730636597,0.6566479802131653,0.7698467969894409,0.7247551679611206,1612.5645252794927,201.5705656599366,6007.008176205573,600.7008176205574,54.80510817576453,0.007608334,1000,357,220,94,3211.106339416245,2985.110466429576,34.1271,32.0,0.43215154999999994,6902.0,3023.0,75.0,19.0,9.0,191.0,114.0,421.0,357.0,681.0,644.0,0.47368421052631576,0.5968586387434555,0.8479809976247031,0.9456681350954479,68253.0,61726.0,8014.0,685.0,1258.0,531.0,6331.0,0.0,0.0,0.0,1.0,0.0,0.0,0.0,11.0,1.0,1.0,17.0,4.0,837.0,8805.0,323.0,1352.9375,4010.4583333333335,7162.5,9684.25,9652.0,0.03125,0.5,1.375,1205.25,323.0,0.8168755173683167,1.122190237045288,1.5686460733413696
1060000,32856243,262849944,106000,1.573136806488037,0.6574400067329407,0.7669528722763062,0.7261484861373901,1660.517790167258,207.56472377090725,6082.108464267612,608.2108464267612,56.43486241403264,0.007579389,1000,380,194,106,3310.14014324906,3003.7907516870096,31.4774,29.0,0.4121773799999999,7128.0,2800.0,72.0,18.0,6.0,177.0,109.0,435.0,375.0,743.0,716.0,0.3333333333333333,0.615819209039548,0.8620689655172413,0.9636608344549125,63023.0,56791.0,7636.0,1441.0,532.0,972.0,5769.0,0.0,0.0,0.0,0.0,0.0,0.0,0.0,25.0,0.0,0.0,15.0,7.0,860.0,8714.0,379.0,1155.4375,3461.0416666666665,6837.5,9461.875,9640.0,0.0,1.0416666666666667,1.375,1196.75,379.0,0.7914148569107056,0.9636342525482178,1.3374625444412231
1070000,33171017,265368136,107000,1.5713255405426025,0.6584749817848206,0.7656307220458984,0.7256280779838562,1568.4240830449826,196.05301038062282,6228.3737024221455,622.8373702422145,53.304937687288025,0.0075689545,1000,362,201,89,3398.103079680326,2937.5968334093077,32.0025,27.0,0.4516415500000001,7507.0,2379.0,114.0,18.0,6.0,179.0,107.0,387.0,331.0,642.0,612.0,0.3333333333333333,0.5977653631284916,0.8552971576227391,0.9532710280373832,63359.0,57328.0,6317.0,639.0,1098.0,175.0,6730.0,0.0,0.0,0.0,0.0,0.0,0.0,0.0,14.0,0.0,0.0,27.0,2.0,1009.0,8642.0,306.0,1366.625,3494.875,6726.1875,9416.75,9463.0,0.0,0.5833333333333334,1.8125,1206.375,306.0,0.935075044631958,1.1849552392959595,1.5771721601486206
1080000,33491042,267928336,108000,1.5637530088424683,0.6601859927177429,0.7608025074005127,0.7229541540145874,1596.5217391304348,199.56521739130434,6235.92586177031,623.592586177031,54.259873168695655,0.0075527746,1000,355,205,90,3280.66753960224,3005.0242828386326,32.519,30.0,0.42580961000000006,7105.0,2836.0,59.0,18.0,6.0,147.0,90.0,374.0,319.0,638.0,603.0,0.3333333333333333,0.6122448979591837,0.8529411764705882,0.945141065830721,59913.0,54110.0,7317.0,657.0,1429.0,111.0,6571.0,0.0,0.0,0.0,0.0,0.0,0.0,0.0,6.0,0.0,0.0,32.0,2.0,1076.0,8768.0,116.0,1126.5,3652.9583333333335,7186.375,9657.125,9232.0,0.0,0.25,2.125,1230.5,116.0,0.9562410712242126,1.2384854555130005,1.5617178678512573
1090000,33816232,270529856,109000,1.5598678588867188,0.662693977355957,0.7570716142654419,0.7227656245231628,1653.2165931156221,206.65207413945276,6354.810238305384,635.4810238305384,56.18672171147185,0.0075199804,1000,330,231,101,3271.924695696939,3006.367080770101,35.8386,33.0,0.41751424000000004,7083.0,2806.0,111.0,18.0,7.0,118.0,79.0,294.0,259.0,520.0,505.0,0.3888888888888889,0.6694915254237288,0.8809523809523809,0.9711538461538461,67029.0,61005.0,7663.0,686.0,921.0,58.0,7585.0,0.0,0.0,0.0,0.0,0.0,0.0,0.0,5.0,1.0,0.0,19.0,3.0,518.0,9250.0,204.0,1492.28125,4487.833333333333,7202.5625,9731.25,9834.0,0.0,0.25,1.375,1221.0,204.0,0.84259432554245,1.0695585012435913,1.5336068868637085
1100000,34174618,273396944,110000,1.5569124221801758,0.6639900207519531,0.7548355460166931,0.7220870852470398,1620.3323076923077,202.54153846153847,5651.49136577708,565.1491365777081,55.06910639025231,0.0074665328,1000,368,185,88,3306.51889367174,3058.4460247085276,31.9414,29.0,0.43354804,7737.0,2166.0,97.0,20.0,7.0,179.0,117.0,369.0,316.0,565.0,528.0,0.35,0.6536312849162011,0.8563685636856369,0.9345132743362832,59665.0,54153.0,6788.0,819.0,547.0,41.0,6842.0,0.0,0.0,0.0,1.0,0.0,0.0,0.0,9.0,0.0,0.0,242.0,8.0,1149.0,8249.0,342.0,1181.09375,3709.375,6632.25,9572.375,9899.0,0.03125,0.375,15.625,1174.75,342.0,0.9185228943824768,1.1121885776519775,1.5487850904464722
1110000,34494032,275952256,111000,1.5487042665481567,0.6660280227661133,0.7468066811561584,0.7219160795211792,1571.6936955407486,196.46171194259358,6150.691952844695,615.0691952844695,53.41605973153133,0.0075976253,1000,336,220,90,3269.2099213809342,3038.698772049645,29.3545,25.0,0.38073644999999995,6963.0,2985.0,52.0,15.0,6.0,145.0,94.0,347.0,310.0,603.0,581.0,0.4,0.6482758620689655,0.8933717579250721,0.9635157545605307,55698.0,50435.0,6129.0,293.0,774.0,1022.0,6596.0,0.0,0.0,0.0,0.0,1.0,0.0,0.0,4.0,0.0,0.0,150.0,0.0,635.0,8685.0,525.0,980.59375,3017.125,6680.25,9191.5,9339.0,0.03125,0.16666666666666666,9.375,1165.0,525.0,0.8617970943450928,1.0560410022735596,1.488698124885559
1120000,34787577,278300616,112000,1.5444509983062744,0.6685640215873718,0.7428594827651978,0.7217258810997009,1639.025979061652,204.8782473827065,6979.449398991857,697.9449398991858,55.70443518828694,0.007692064,1000,364,199,72,3318.875044292138,3056.784048414758,30.0586,26.0,0.37449603,7910.0,2008.0,82.0,20.0,8.0,159.0,101.0,373.0,329.0,581.0,551.0,0.4,0.6352201257861635,0.8820375335120644,0.9483648881239243,58304.0,52456.0,6663.0,739.0,2405.0,146.0,6137.0,0.0,0.0,1.0,0.0,0.0,0.0,0.0,12.0,0.0,1.0,42.0,6.0,351.0,9427.0,160.0,1007.28125,3263.125,6638.4375,9326.625,9210.0,0.03125,0.5,3.0625,1222.25,160.0,0.8630444407463074,1.0618846416473389,1.396673560142517
1130000,35088163,280705304,113000,1.5401465892791748,0.6692429780960083,0.742191731929779,0.7181278467178345,1685.5289719626169,210.6911214953271,7009.345794392523,700.9345794392523,57.28490004192897,0.0075524966,1000,364,192,113,3314.602027118753,3055.136863454775,30.5317,25.0,0.45231828999999996,4690.0,5151.0,159.0,18.0,6.0,131.0,84.0,259.0,231.0,395.0,374.0,0.3333333333333333,0.6412213740458015,0.8918918918918919,0.9468354430379747,55611.0,50742.0,5690.0,812.0,625.0,37.0,7752.0,0.0,0.0,0.0,0.0,0.0,0.0,0.0,4.0,0.0,0.0,43.0,5.0,627.0,9226.0,95.0,1060.0,3188.3333333333335,6661.125,9801.75,9885.0,0.0,0.16666666666666666,3.0,1231.625,95.0,0.8897764086723328,1.163266658782959,1.5295008420944214
1140000,35393480,283147840,114000,1.538940191268921,0.6715930104255676,0.7367287874221802,0.7223960161209106,1664.1047691143074,208.01309613928842,6813.020439061317,681.3020439061316,56.55677057096866,0.007533576,1000,366,203,109,3407.983440063861,3021.5772805222173,36.0293,35.0,0.42086747,7204.0,2697.0,99.0,17.0,7.0,143.0,92.0,269.0,236.0,396.0,379.0,0.4117647058823529,0.6433566433566433,0.8773234200743495,0.9570707070707071,64316.0,58781.0,8345.0,349.0,1303.0,34.0,7083.0,0.0,0.0,0.0,0.0,1.0,0.0,0.0,5.0,0.0,0.0,78.0,2.0,953.0,8769.0,192.0,1334.78125,4382.541666666667,7744.1875,9815.125,9971.0,0.03125,0.20833333333333334,5.0,1215.25,192.0,0.8668815493583679,1.0975403785705566,1.613973617553711
1150000,35753773,286030184,115000,1.5342787504196167,0.673321008682251,0.7334703803062439,0.7210437059402466,1635.888128645751,204.48601608071888,5675.547848021441,567.554784802144,55.59779125014561,0.007628767,1000,351,212,99,3376.1553927772734,3087.442092204747,33.4159,30.0,0.42496411,4901.0,5005.0,94.0,18.0,7.0,119.0,80.0,225.0,199.0,364.0,349.0,0.3888888888888889,0.6722689075630253,0.8844444444444445,0.9587912087912088,56796.0,52136.0,6497.0,566.0,975.0,17.0,6466.0,0.0,0.0,0.0,0.0,0.0,0.0,0.0,5.0,1.0,0.0,59.0,4.0,1636.0,8024.0,271.0,1303.09375,3708.125,7183.5625,9828.375,9901.0,0.0,0.25,3.9375,1207.5,271.0,0.8922475576400757,1.135522723197937,1.5178831815719604
1160000,36087932,288703456,116000,1.5291774272918701,0.6763169765472412,0.7274654507637024,0.7219564914703369,1665.8783451618488,208.2347931452311,6231.608101090532,623.1608101090532,56.61704786568752,0.007631994,1000,353,214,105,3394.615712861307,3032.208713149094,33.6517,32.0,0.40160861000000003,6234.0,3689.0,77.0,17.0,6.0,122.0,81.0,230.0,204.0,350.0,334.0,0.35294117647058826,0.6639344262295082,0.8869565217391304,0.9542857142857143,54707.0,49978.0,7752.0,1529.0,684.0,30.0,6642.0,0.0,0.0,0.0,0.0,0.0,0.0,0.0,4.0,0.0,0.0,49.0,4.0,945.0,8885.0,113.0,1164.15625,3895.4166666666665,7377.125,9730.375,9897.0,0.0,0.16666666666666666,3.3125,1228.75,113.0,0.9633026123046875,1.1689234972000122,1.4813611507415771
1170000,36424449,291395592,117000,1.5271433591842651,0.6785969734191895,0.7242911458015442,0.7230992913246155,1629.6770808811164,203.70963511013954,6053.472338994451,605.3472338994451,55.386700692658216,0.0077226018,1000,351,206,81,3337.1859119757137,3108.2015619309077,31.8098,31.0,0.3701876,7618.0,2322.0,60.0,17.0,7.0,136.0,92.0,251.0,220.0,418.0,401.0,0.4117647058823529,0.6764705882352942,0.8764940239043825,0.9593301435406698,58254.0,52858.0,7387.0,334.0,2603.0,55.0,4293.0,0.0,0.0,0.0,1.0,0.0,0.0,0.0,3.0,0.0,0.0,239.0,3.0,2308.0,7285.0,161.0,1059.65625,3737.0,6707.6875,9662.5,9878.0,0.03125,0.125,15.125,1199.125,161.0,0.8617855906486511,0.9958107471466064,1.4183266162872314
1180000,36742547,293940376,118000,1.5196653604507446,0.6793180108070374,0.7182319164276123,0.7216413617134094,1658.1398009049774,207.26747511312217,6515.837104072398,651.5837104072398,56.35404334805604,0.007568612,1000,377,185,75,3270.1188996172787,3050.8264504201907,31.834,29.0,0.39370866,7235.0,2690.0,75.0,19.0,8.0,161.0,107.0,320.0,288.0,567.0,549.0,0.42105263157894735,0.6645962732919255,0.9,0.9682539682539683,60078.0,54119.0,7779.0,303.0,1923.0,297.0,5176.0,0.0,0.0,0.0,0.0,0.0,0.0,1.0,4.0,1.0,0.0,70.0,2.0,1852.0,7699.0,371.0,1099.34375,3580.375,6884.0625,9649.125,9894.0,0.0,0.25,4.5,1193.875,371.0,1.0102578401565552,1.086258053779602,1.534593105316162
1190000,37060887,296487096,119000,1.5141257047653198,0.6811400055885315,0.7162595391273499,0.7180973291397095,1690.3008849557523,211.28761061946904,6637.168141592921,663.7168141592921,57.44707972757522,0.007342306,1000,353,225,77,3424.3058290508307,3085.5116895702363,31.841,31.0,0.4056997,7945.0,1994.0,61.0,18.0,6.0,155.0,93.0,298.0,270.0,471.0,459.0,0.3333333333333333,0.6,0.9060402684563759,0.9745222929936306,56041.0,50877.0,6985.0,641.0,2354.0,59.0,5901.0,0.0,0.0,0.0,0.0,0.0,0.0,0.0,11.0,0.0,0.0,51.0,6.0,584.0,8955.0,393.0,1126.90625,3501.125,6884.0625,9779.0,9945.0,0.0,0.4583333333333333,3.5625,1192.375,393.0,0.8898026347160339,1.0647923946380615,1.4872541427612305
1200000,37379297,299034376,120000,1.5030561685562134,0.6838080286979675,0.7097678184509277,0.7136430740356445,1637.829612430791,204.72870155384888,6429.719592784426,642.9719592784426,55.66377510827505,0.007697786,1000,359,229,109,3404.0835665498853,3104.2149433073023,33.1184,32.0,0.4201276000000001,8087.0,1840.0,73.0,16.0,6.0,122.0,79.0,255.0,234.0,389.0,378.0,0.375,0.6475409836065574,0.9176470588235294,0.9717223650385605,53131.0,48575.0,7158.0,394.0,2020.0,42.0,6867.0,0.0,0.0,0.0,0.0,0.0,0.0,0.0,2.0,0.0,0.0,76.0,4.0,421.0,9323.0,174.0,1186.625,3623.3333333333335,7416.125,9703.75,9964.0,0.0,0.08333333333333333,5.0,1218.0,174.0,0.8836470246315002,1.0106070041656494,1.4409617185592651
1210000,37710481,301683848,121000,1.489534854888916,0.6873540282249451,0.702055037021637,0.7078717350959778,1553.1833903273084,194.14792379091355,5862.237420615535,586.2237420615535,52.78696287141456,0.007677801,1000,348,219,76,3388.215136249375,3084.985851811243,30.795,25.0,0.41444179000000003,8272.0,1652.0,76.0,17.0,7.0,119.0,74.0,254.0,217.0,427.0,403.0,0.4117647058823529,0.6218487394957983,0.8543307086614174,0.9437939110070258,50016.0,45528.0,4966.0,315.0,1204.0,30.0,7109.0,0.0,0.0,0.0,0.0,0.0,0.0,0.0,1.0,0.0,2.0,29.0,2.0,1080.0,8658.0,228.0,1080.4375,3509.625,6572.0625,9261.875,9897.0,0.0,0.041666666666666664,2.0625,1217.25,228.0,0.9063161611557007,1.063803791999817,1.404038667678833
1220000,38018431,304147448,122000,1.4766515493392944,0.6895220279693604,0.6943086981773376,0.7029262781143188,1458.4706462752836,182.30883078441045,5920.078934385791,592.0078934385791,49.56802675938825,0.007544589,1000,374,196,96,3408.2463297983854,3183.941643927592,32.5876,29.0,0.41453027000000003,7141.0,2740.0,119.0,15.0,8.0,101.0,67.0,212.0,186.0,350.0,336.0,0.5333333333333333,0.6633663366336634,0.8773584905660378,0.96,56022.0,50996.0,6890.0,524.0,2049.0,61.0,6718.0,0.0,0.0,0.0,0.0,0.0,1.0,0.0,1.0,1.0,0.0,17.0,1.0,533.0,9352.0,94.0,1294.4375,3568.0833333333335,6954.1875,9721.25,9783.0,0.0,0.125,1.125,1235.625,94.0,0.9071742296218872,1.089950442314148,1.45321786403656
1230000,38344307,306754456,123000,1.4709728956222534,0.691070020198822,0.6906260848045349,0.7011160850524902,1483.3615931721195,185.42019914651493,5689.900426742532,568.9900426742532,50.41397804747198,0.0076676193,1000,370,195,81,3441.761898864517,3127.5438080640533,29.858,29.0,0.45013912999999994,8311.0,1618.0,71.0,18.0,6.0,142.0,82.0,274.0,242.0,465.0,449.0,0.3333333333333333,0.5774647887323944,0.8832116788321168,0.9655913978494624,49988.0,45330.0,5973.0,619.0,2555.0,76.0,5860.0,0.0,0.0,0.0,0.0,0.0,0.0,0.0,9.0,0.0,0.0,21.0,9.0,436.0,9110.0,415.0,926.90625,3140.4583333333335,6640.875,9685.625,9809.0,0.0,0.375,1.875,1193.25,415.0,0.9024288058280945,1.0481089353561401,1.3805925846099854
1240000,38642887,309143096,124000,1.4562236070632935,0.694579005241394,0.6845343112945557,0.6926442980766296,1466.6730342827905,183.3341292853488,6140.201262152482,614.0201262152482,49.84679561173734,0.007610824,1000,375,195,75,3372.127326076494,3137.0396850112484,27.4689,23.0,0.4430295,8998.0,919.0,83.0,19.0,8.0,122.0,72.0,252.0,220.0,405.0,395.0,0.42105263157894735,0.5901639344262295,0.873015873015873,0.9753086419753086,40506.0,37116.0,4616.0,534.0,1219.0,92.0,7697.0,0.0,0.0,0.0,0.0,0.0,0.0,1.0,3.0,1.0,0.0,24.0,6.0,229.0,9542.0,194.0,740.78125,2448.5416666666665,6624.125,9827.0,7617.0,0.0,0.20833333333333334,1.875,1221.375,194.0,0.9578472375869751,1.2080049514770508,1.5524576902389526
1250000,38917576,311340608,125000,1.4385720491409302,0.6971189975738525,0.6778491735458374,0.6818627715110779,1604.0233576642336,200.5029197080292,7299.2700729927,729.92700729927,54.51482545667737,0.007606387,1000,371,203,113,3378.0571278884017,3161.313321756658,30.4814,29.0,0.41583464000000003,7426.0,2494.0,80.0,18.0,7.0,77.0,52.0,152.0,137.0,259.0,253.0,0.3888888888888889,0.6753246753246753,0.9013157894736842,0.9768339768339769,46252.0,42544.0,6328.0,174.0,1481.0,20.0,7780.0,0.0,0.0,0.0,0.0,0.0,0.0,0.0,3.0,0.0,1.0,26.0,8.0,332.0,9455.0,175.0,986.03125,3200.1666666666665,6819.9375,9686.5,9846.0,0.0,0.125,2.1875,1223.375,175.0,0.9038547873497009,1.051535725593567,1.4232439994812012
1260000,39222390,313779120,126000,1.427531123161316,0.6990900039672852,0.6707290410995483,0.6782132983207703,1531.7820973652067,191.47276217065084,6281.626243238527,628.1626243238528,52.05961202281152,0.0076912255,1000,386,187,66,3469.7759371657467,3119.9061959965065,,,,,,,,,,,,,,,,,,,,,,,,,,,,,,,,,,,,,,,,,,,,,,,,,,,0.8802595138549805,1.0078428983688354,1.3922697305679321
